DEPTH = 16384;
WIDTH = 8;
ADDRESS_RADIX = HEX;
DATA_RADIX = HEX;

CONTENT BEGIN

0000 : df;
0001 : f1;
0002 : 02;
0003 : ba;
0004 : 51;
0005 : 64;
0006 : 37;
0007 : a7;
0008 : 95;
0009 : bd;
000a : 77;
000b : b3;
000c : 11;
000d : a6;
000e : 55;
000f : 98;
0010 : 12;
0011 : 2d;
0012 : 59;
0013 : 58;
0014 : fd;
0015 : 99;
0016 : e6;
0017 : 96;
0018 : e9;
0019 : 08;
001a : b1;
001b : 6c;
001c : 41;
001d : 35;
001e : ff;
001f : f1;
0020 : f6;
0021 : 0e;
0022 : 5d;
0023 : 2b;
0024 : 28;
0025 : 8a;
0026 : 7e;
0027 : 17;
0028 : be;
0029 : 91;
002a : 79;
002b : f0;
002c : f9;
002d : b0;
002e : 14;
002f : fa;
0030 : d8;
0031 : d3;
0032 : 05;
0033 : ad;
0034 : 4a;
0035 : 56;
0036 : c2;
0037 : fd;
0038 : bc;
0039 : 28;
003a : 0b;
003b : 2d;
003c : e9;
003d : 8a;
003e : a0;
003f : 57;
0040 : ba;
0041 : c2;
0042 : 1a;
0043 : d2;
0044 : ea;
0045 : 33;
0046 : 54;
0047 : 00;
0048 : 8d;
0049 : 05;
004a : 74;
004b : 98;
004c : f1;
004d : 51;
004e : c3;
004f : 5a;
0050 : 3b;
0051 : 32;
0052 : 06;
0053 : 25;
0054 : a8;
0055 : c6;
0056 : 95;
0057 : 7d;
0058 : ed;
0059 : e7;
005a : e0;
005b : b8;
005c : b7;
005d : 91;
005e : 92;
005f : 75;
0060 : fe;
0061 : 32;
0062 : 8d;
0063 : 0e;
0064 : b6;
0065 : 37;
0066 : 05;
0067 : 1f;
0068 : bf;
0069 : 8e;
006a : b3;
006b : bd;
006c : 4d;
006d : aa;
006e : bc;
006f : b9;
0070 : d6;
0071 : 5a;
0072 : 5a;
0073 : f1;
0074 : 38;
0075 : f4;
0076 : 8c;
0077 : 21;
0078 : c0;
0079 : 51;
007a : fe;
007b : b6;
007c : cc;
007d : ce;
007e : 2d;
007f : 09;
0080 : bd;
0081 : b9;
0082 : 6b;
0083 : f1;
0084 : 80;
0085 : c0;
0086 : 13;
0087 : 01;
0088 : 56;
0089 : 3e;
008a : 9f;
008b : c4;
008c : e0;
008d : 03;
008e : 99;
008f : 99;
0090 : f5;
0091 : fa;
0092 : 40;
0093 : 57;
0094 : 54;
0095 : 01;
0096 : f7;
0097 : 82;
0098 : 24;
0099 : 4d;
009a : 76;
009b : 14;
009c : e3;
009d : ba;
009e : 96;
009f : ab;
00a0 : 2f;
00a1 : 6c;
00a2 : 70;
00a3 : 0a;
00a4 : c7;
00a5 : 56;
00a6 : 45;
00a7 : 6f;
00a8 : e3;
00a9 : 94;
00aa : 95;
00ab : e9;
00ac : af;
00ad : bb;
00ae : bd;
00af : 59;
00b0 : 55;
00b1 : 95;
00b2 : 4b;
00b3 : d7;
00b4 : b9;
00b5 : 2c;
00b6 : e9;
00b7 : 1f;
00b8 : ec;
00b9 : 44;
00ba : 6e;
00bb : 81;
00bc : 11;
00bd : aa;
00be : 0d;
00bf : e8;
00c0 : e3;
00c1 : 97;
00c2 : bc;
00c3 : d0;
00c4 : fb;
00c5 : fc;
00c6 : ba;
00c7 : 97;
00c8 : 7b;
00c9 : 6a;
00ca : ed;
00cb : 13;
00cc : 73;
00cd : 70;
00ce : 68;
00cf : 48;
00d0 : f6;
00d1 : f3;
00d2 : 57;
00d3 : dd;
00d4 : f9;
00d5 : 5b;
00d6 : 25;
00d7 : df;
00d8 : 4a;
00d9 : de;
00da : 93;
00db : 1d;
00dc : a4;
00dd : 44;
00de : ac;
00df : 95;
00e0 : 2b;
00e1 : 1a;
00e2 : 49;
00e3 : b5;
00e4 : 10;
00e5 : 2e;
00e6 : 57;
00e7 : 98;
00e8 : 24;
00e9 : 7e;
00ea : 61;
00eb : e0;
00ec : 55;
00ed : 41;
00ee : c5;
00ef : b5;
00f0 : c7;
00f1 : 90;
00f2 : ba;
00f3 : 9d;
00f4 : ae;
00f5 : a1;
00f6 : d9;
00f7 : 19;
00f8 : 61;
00f9 : ff;
00fa : a0;
00fb : 79;
00fc : 0f;
00fd : 5b;
00fe : 68;
00ff : df;
0100 : 1d;
0101 : dc;
0102 : 46;
0103 : 86;
0104 : 03;
0105 : 64;
0106 : 21;
0107 : 51;
0108 : e3;
0109 : 34;
010a : 7d;
010b : a8;
010c : cd;
010d : ee;
010e : f8;
010f : 97;
0110 : 30;
0111 : 80;
0112 : c3;
0113 : 09;
0114 : 6e;
0115 : e6;
0116 : 80;
0117 : 6d;
0118 : 51;
0119 : c0;
011a : 9e;
011b : a9;
011c : c1;
011d : e1;
011e : 98;
011f : 85;
0120 : e3;
0121 : 6b;
0122 : 20;
0123 : cc;
0124 : 30;
0125 : 0c;
0126 : 31;
0127 : d4;
0128 : 1d;
0129 : ac;
012a : 81;
012b : ae;
012c : d9;
012d : b4;
012e : 33;
012f : d6;
0130 : e6;
0131 : ff;
0132 : 82;
0133 : dc;
0134 : 23;
0135 : 83;
0136 : 31;
0137 : 9d;
0138 : b6;
0139 : 33;
013a : 3a;
013b : 2a;
013c : c1;
013d : ea;
013e : 2f;
013f : fc;
0140 : 3f;
0141 : a1;
0142 : 72;
0143 : 12;
0144 : 9b;
0145 : 64;
0146 : ed;
0147 : 22;
0148 : 8b;
0149 : 38;
014a : 33;
014b : ef;
014c : ce;
014d : ea;
014e : ff;
014f : 81;
0150 : 85;
0151 : 29;
0152 : a7;
0153 : 20;
0154 : 85;
0155 : 05;
0156 : 95;
0157 : 62;
0158 : fd;
0159 : 9c;
015a : 6f;
015b : cd;
015c : 95;
015d : ba;
015e : 58;
015f : 06;
0160 : d9;
0161 : 60;
0162 : 3c;
0163 : da;
0164 : d9;
0165 : 27;
0166 : 7a;
0167 : 27;
0168 : d2;
0169 : a1;
016a : 30;
016b : 7f;
016c : 0a;
016d : a0;
016e : e0;
016f : 0d;
0170 : a6;
0171 : 01;
0172 : f2;
0173 : 49;
0174 : b4;
0175 : 1b;
0176 : 00;
0177 : 01;
0178 : ac;
0179 : 30;
017a : 91;
017b : 38;
017c : 7b;
017d : d9;
017e : 79;
017f : f1;
0180 : 35;
0181 : ef;
0182 : e4;
0183 : aa;
0184 : 9c;
0185 : 69;
0186 : 77;
0187 : 60;
0188 : d3;
0189 : f7;
018a : 09;
018b : ef;
018c : 1f;
018d : ac;
018e : c4;
018f : e0;
0190 : 38;
0191 : dc;
0192 : fb;
0193 : 31;
0194 : ec;
0195 : d4;
0196 : e4;
0197 : cc;
0198 : ba;
0199 : 58;
019a : cc;
019b : 5c;
019c : 8c;
019d : 1b;
019e : e7;
019f : 6b;
01a0 : 69;
01a1 : f6;
01a2 : a5;
01a3 : a8;
01a4 : 8f;
01a5 : 63;
01a6 : a8;
01a7 : 2f;
01a8 : b3;
01a9 : 31;
01aa : ec;
01ab : 70;
01ac : 7b;
01ad : a0;
01ae : 59;
01af : dd;
01b0 : d8;
01b1 : 2e;
01b2 : 67;
01b3 : 2d;
01b4 : d0;
01b5 : 8d;
01b6 : 7c;
01b7 : f0;
01b8 : b3;
01b9 : 97;
01ba : 21;
01bb : 9f;
01bc : b6;
01bd : 14;
01be : 3f;
01bf : d9;
01c0 : 9c;
01c1 : 83;
01c2 : f8;
01c3 : 0f;
01c4 : 06;
01c5 : 90;
01c6 : f5;
01c7 : 26;
01c8 : 69;
01c9 : 6d;
01ca : 8a;
01cb : 66;
01cc : 6e;
01cd : 9f;
01ce : ee;
01cf : 30;
01d0 : 4d;
01d1 : 21;
01d2 : be;
01d3 : b8;
01d4 : a0;
01d5 : e8;
01d6 : 17;
01d7 : 81;
01d8 : 4d;
01d9 : 37;
01da : 27;
01db : 14;
01dc : 3a;
01dd : 54;
01de : 6d;
01df : f3;
01e0 : b0;
01e1 : 3e;
01e2 : 6b;
01e3 : ad;
01e4 : 8d;
01e5 : 82;
01e6 : 1a;
01e7 : d6;
01e8 : 43;
01e9 : 77;
01ea : 22;
01eb : 2c;
01ec : 14;
01ed : a9;
01ee : 71;
01ef : 42;
01f0 : 3d;
01f1 : eb;
01f2 : c7;
01f3 : 99;
01f4 : 1f;
01f5 : 5e;
01f6 : 70;
01f7 : 2a;
01f8 : 9a;
01f9 : 8e;
01fa : b6;
01fb : 77;
01fc : fe;
01fd : 10;
01fe : 0a;
01ff : 2b;
0200 : c3;
0201 : be;
0202 : 11;
0203 : 3f;
0204 : 7d;
0205 : 30;
0206 : dc;
0207 : da;
0208 : 46;
0209 : 64;
020a : 72;
020b : 8a;
020c : 57;
020d : 3c;
020e : f8;
020f : 76;
0210 : e0;
0211 : d9;
0212 : dd;
0213 : 2f;
0214 : b2;
0215 : 2c;
0216 : c2;
0217 : 1b;
0218 : 45;
0219 : fa;
021a : da;
021b : 90;
021c : be;
021d : 1d;
021e : bf;
021f : 18;
0220 : 65;
0221 : 06;
0222 : c2;
0223 : 8d;
0224 : b2;
0225 : 08;
0226 : f9;
0227 : c6;
0228 : 8a;
0229 : 49;
022a : 47;
022b : 8d;
022c : 0e;
022d : fa;
022e : 40;
022f : d1;
0230 : 12;
0231 : d1;
0232 : b5;
0233 : 08;
0234 : 31;
0235 : 57;
0236 : 4a;
0237 : cf;
0238 : 15;
0239 : c0;
023a : 98;
023b : 29;
023c : 9b;
023d : 4a;
023e : 15;
023f : 76;
0240 : 15;
0241 : 36;
0242 : 4d;
0243 : d6;
0244 : 06;
0245 : 41;
0246 : 9c;
0247 : 48;
0248 : 73;
0249 : 31;
024a : 29;
024b : 64;
024c : 37;
024d : 9d;
024e : 5e;
024f : 50;
0250 : 2b;
0251 : 8e;
0252 : 21;
0253 : 53;
0254 : c4;
0255 : a0;
0256 : e7;
0257 : f7;
0258 : bd;
0259 : 1e;
025a : 1e;
025b : f1;
025c : 0a;
025d : b6;
025e : 3a;
025f : 71;
0260 : 53;
0261 : 98;
0262 : 14;
0263 : f2;
0264 : 9d;
0265 : c0;
0266 : 30;
0267 : 7e;
0268 : 35;
0269 : a0;
026a : 64;
026b : 04;
026c : ba;
026d : 59;
026e : e2;
026f : a0;
0270 : 25;
0271 : a0;
0272 : ec;
0273 : 77;
0274 : 9a;
0275 : 52;
0276 : 7a;
0277 : 7d;
0278 : 7c;
0279 : 53;
027a : c1;
027b : 90;
027c : d0;
027d : 0f;
027e : e4;
027f : fd;
0280 : b1;
0281 : 0d;
0282 : ac;
0283 : d9;
0284 : ab;
0285 : f0;
0286 : 2a;
0287 : ce;
0288 : c1;
0289 : 48;
028a : 58;
028b : c4;
028c : e7;
028d : d9;
028e : 00;
028f : f0;
0290 : b3;
0291 : 7a;
0292 : 34;
0293 : 26;
0294 : 1a;
0295 : 49;
0296 : 53;
0297 : b3;
0298 : 18;
0299 : 67;
029a : 5b;
029b : e4;
029c : 40;
029d : 7d;
029e : 60;
029f : e7;
02a0 : f4;
02a1 : 32;
02a2 : d7;
02a3 : 7f;
02a4 : 74;
02a5 : b9;
02a6 : 79;
02a7 : 6d;
02a8 : d0;
02a9 : 2e;
02aa : 78;
02ab : a3;
02ac : f0;
02ad : 17;
02ae : c8;
02af : 4e;
02b0 : 29;
02b1 : 14;
02b2 : 5e;
02b3 : 88;
02b4 : 68;
02b5 : c2;
02b6 : 78;
02b7 : e6;
02b8 : 3d;
02b9 : 80;
02ba : 73;
02bb : 4b;
02bc : 36;
02bd : 30;
02be : 52;
02bf : 46;
02c0 : 4d;
02c1 : af;
02c2 : 98;
02c3 : 84;
02c4 : 87;
02c5 : f1;
02c6 : ca;
02c7 : 67;
02c8 : a9;
02c9 : b9;
02ca : a9;
02cb : 24;
02cc : 3f;
02cd : 15;
02ce : 11;
02cf : 46;
02d0 : 34;
02d1 : 00;
02d2 : 78;
02d3 : 47;
02d4 : 8d;
02d5 : 0c;
02d6 : cc;
02d7 : 25;
02d8 : 1d;
02d9 : 8e;
02da : 2d;
02db : a3;
02dc : f5;
02dd : ae;
02de : 42;
02df : e8;
02e0 : 2b;
02e1 : b3;
02e2 : 71;
02e3 : dc;
02e4 : 23;
02e5 : 99;
02e6 : 3b;
02e7 : d0;
02e8 : 61;
02e9 : 43;
02ea : 77;
02eb : 56;
02ec : e2;
02ed : e0;
02ee : b8;
02ef : 94;
02f0 : 3b;
02f1 : 79;
02f2 : 52;
02f3 : 0c;
02f4 : 0e;
02f5 : 47;
02f6 : 90;
02f7 : ad;
02f8 : 1b;
02f9 : 2d;
02fa : eb;
02fb : 24;
02fc : 1a;
02fd : cd;
02fe : 83;
02ff : 12;
0300 : 76;
0301 : 6f;
0302 : 07;
0303 : 89;
0304 : 29;
0305 : 6a;
0306 : 68;
0307 : 41;
0308 : 37;
0309 : ae;
030a : 0b;
030b : a8;
030c : 5e;
030d : 82;
030e : 73;
030f : 9e;
0310 : 71;
0311 : 2a;
0312 : d0;
0313 : ff;
0314 : eb;
0315 : fa;
0316 : 36;
0317 : 61;
0318 : f2;
0319 : d6;
031a : 6d;
031b : 2f;
031c : 84;
031d : 11;
031e : 82;
031f : 84;
0320 : 55;
0321 : 0f;
0322 : bc;
0323 : 55;
0324 : d9;
0325 : 8e;
0326 : 7a;
0327 : c5;
0328 : aa;
0329 : c3;
032a : d8;
032b : 58;
032c : 2d;
032d : c5;
032e : c9;
032f : 59;
0330 : 1c;
0331 : de;
0332 : 35;
0333 : 98;
0334 : ff;
0335 : 93;
0336 : 53;
0337 : 7f;
0338 : d2;
0339 : 51;
033a : 42;
033b : e0;
033c : 71;
033d : a0;
033e : b0;
033f : 72;
0340 : 97;
0341 : 6d;
0342 : eb;
0343 : 94;
0344 : 3b;
0345 : 32;
0346 : fc;
0347 : 44;
0348 : dd;
0349 : a1;
034a : 18;
034b : 3f;
034c : 62;
034d : c9;
034e : b5;
034f : 71;
0350 : c1;
0351 : 0c;
0352 : 81;
0353 : cc;
0354 : a5;
0355 : 9d;
0356 : 74;
0357 : 5b;
0358 : 56;
0359 : 67;
035a : f5;
035b : dc;
035c : 1f;
035d : 60;
035e : 9e;
035f : d7;
0360 : 2e;
0361 : 32;
0362 : 85;
0363 : 5f;
0364 : 5a;
0365 : ca;
0366 : b7;
0367 : 64;
0368 : cb;
0369 : 91;
036a : f4;
036b : 8f;
036c : 0d;
036d : a8;
036e : c3;
036f : 59;
0370 : 8d;
0371 : b5;
0372 : 3d;
0373 : 38;
0374 : 4c;
0375 : 67;
0376 : 82;
0377 : bd;
0378 : 63;
0379 : 1f;
037a : 67;
037b : 03;
037c : d1;
037d : c2;
037e : f4;
037f : 7d;
0380 : e9;
0381 : d4;
0382 : 89;
0383 : e7;
0384 : d9;
0385 : 10;
0386 : cb;
0387 : ef;
0388 : 74;
0389 : 57;
038a : d3;
038b : 1d;
038c : 58;
038d : 8e;
038e : 7b;
038f : f1;
0390 : 1d;
0391 : 17;
0392 : 41;
0393 : 1d;
0394 : 47;
0395 : 15;
0396 : 15;
0397 : ab;
0398 : 7d;
0399 : dc;
039a : 59;
039b : 64;
039c : 8c;
039d : 1e;
039e : ec;
039f : 9b;
03a0 : 93;
03a1 : 6e;
03a2 : a6;
03a3 : 68;
03a4 : 69;
03a5 : 7c;
03a6 : da;
03a7 : 63;
03a8 : 57;
03a9 : 5f;
03aa : a1;
03ab : 47;
03ac : 1b;
03ad : cf;
03ae : f2;
03af : 88;
03b0 : 30;
03b1 : 21;
03b2 : b3;
03b3 : 00;
03b4 : ed;
03b5 : d7;
03b6 : 0c;
03b7 : a7;
03b8 : 17;
03b9 : 3d;
03ba : f0;
03bb : 0b;
03bc : d0;
03bd : 47;
03be : 80;
03bf : 91;
03c0 : 80;
03c1 : b8;
03c2 : 98;
03c3 : 65;
03c4 : 8c;
03c5 : fc;
03c6 : e0;
03c7 : bc;
03c8 : 60;
03c9 : 9b;
03ca : 1f;
03cb : b4;
03cc : 27;
03cd : b4;
03ce : 22;
03cf : f5;
03d0 : 96;
03d1 : 0c;
03d2 : e5;
03d3 : 29;
03d4 : a1;
03d5 : a5;
03d6 : 55;
03d7 : 73;
03d8 : 7f;
03d9 : 09;
03da : fc;
03db : 12;
03dc : c4;
03dd : 2b;
03de : 1f;
03df : fd;
03e0 : 47;
03e1 : 5c;
03e2 : 82;
03e3 : 9f;
03e4 : 48;
03e5 : a6;
03e6 : 48;
03e7 : 12;
03e8 : 95;
03e9 : 08;
03ea : 84;
03eb : 5b;
03ec : e4;
03ed : 6f;
03ee : e0;
03ef : 7d;
03f0 : 32;
03f1 : b7;
03f2 : 42;
03f3 : 3f;
03f4 : 5d;
03f5 : 49;
03f6 : a9;
03f7 : b7;
03f8 : 17;
03f9 : 29;
03fa : fa;
03fb : 66;
03fc : ca;
03fd : d2;
03fe : 4c;
03ff : ce;
0400 : 2e;
0401 : e5;
0402 : c4;
0403 : 2f;
0404 : 67;
0405 : 14;
0406 : ec;
0407 : 21;
0408 : 04;
0409 : bf;
040a : 1a;
040b : 55;
040c : 1d;
040d : d5;
040e : 72;
040f : 9e;
0410 : f4;
0411 : 83;
0412 : d9;
0413 : eb;
0414 : 0a;
0415 : 3e;
0416 : c2;
0417 : bf;
0418 : 62;
0419 : 7e;
041a : 96;
041b : ec;
041c : 23;
041d : 85;
041e : d5;
041f : 77;
0420 : 05;
0421 : 2f;
0422 : 6d;
0423 : b4;
0424 : 0d;
0425 : 15;
0426 : 92;
0427 : 85;
0428 : 18;
0429 : ca;
042a : 51;
042b : 7b;
042c : 7b;
042d : f3;
042e : 40;
042f : d1;
0430 : 46;
0431 : c0;
0432 : 0e;
0433 : b5;
0434 : 82;
0435 : c4;
0436 : 45;
0437 : 6b;
0438 : b0;
0439 : 46;
043a : 9e;
043b : 0f;
043c : fe;
043d : 1a;
043e : 31;
043f : c7;
0440 : a9;
0441 : 7a;
0442 : 82;
0443 : 99;
0444 : 9f;
0445 : 76;
0446 : 45;
0447 : ae;
0448 : 8b;
0449 : 3a;
044a : 4d;
044b : 76;
044c : d2;
044d : fe;
044e : c4;
044f : dc;
0450 : ea;
0451 : 98;
0452 : b8;
0453 : 28;
0454 : 7d;
0455 : 43;
0456 : c1;
0457 : 67;
0458 : 43;
0459 : cb;
045a : ae;
045b : 7d;
045c : 2e;
045d : 5a;
045e : 9b;
045f : 28;
0460 : 29;
0461 : e0;
0462 : 55;
0463 : 3f;
0464 : 24;
0465 : 40;
0466 : b6;
0467 : cd;
0468 : 4c;
0469 : 10;
046a : da;
046b : 33;
046c : 76;
046d : 66;
046e : b3;
046f : 48;
0470 : 68;
0471 : 90;
0472 : 1f;
0473 : 60;
0474 : 85;
0475 : de;
0476 : 8f;
0477 : 67;
0478 : ab;
0479 : a1;
047a : 43;
047b : 22;
047c : 23;
047d : 40;
047e : 7a;
047f : a4;
0480 : f1;
0481 : 2e;
0482 : c5;
0483 : f8;
0484 : 07;
0485 : fb;
0486 : 53;
0487 : 84;
0488 : 62;
0489 : 78;
048a : c9;
048b : e3;
048c : 80;
048d : ba;
048e : dd;
048f : da;
0490 : 4b;
0491 : 75;
0492 : 5b;
0493 : fb;
0494 : 4e;
0495 : 2c;
0496 : 26;
0497 : 6b;
0498 : 7f;
0499 : bb;
049a : 4c;
049b : 98;
049c : 02;
049d : fe;
049e : 75;
049f : cc;
04a0 : 4e;
04a1 : 9c;
04a2 : 6a;
04a3 : 72;
04a4 : a3;
04a5 : 67;
04a6 : 03;
04a7 : 5b;
04a8 : c6;
04a9 : 20;
04aa : 25;
04ab : 70;
04ac : 27;
04ad : 6f;
04ae : 60;
04af : 77;
04b0 : ad;
04b1 : 04;
04b2 : 73;
04b3 : 1b;
04b4 : f5;
04b5 : 59;
04b6 : 48;
04b7 : b3;
04b8 : 13;
04b9 : 82;
04ba : 72;
04bb : 4f;
04bc : a2;
04bd : fd;
04be : 62;
04bf : b4;
04c0 : eb;
04c1 : 7e;
04c2 : 92;
04c3 : 54;
04c4 : 12;
04c5 : d9;
04c6 : 27;
04c7 : 68;
04c8 : cb;
04c9 : bb;
04ca : 52;
04cb : 99;
04cc : 33;
04cd : 83;
04ce : b5;
04cf : 1f;
04d0 : e4;
04d1 : 0a;
04d2 : 74;
04d3 : 67;
04d4 : 7c;
04d5 : 22;
04d6 : 99;
04d7 : 3c;
04d8 : 00;
04d9 : ba;
04da : 37;
04db : a9;
04dc : 8f;
04dd : 20;
04de : 1e;
04df : c4;
04e0 : 6c;
04e1 : 58;
04e2 : 42;
04e3 : 64;
04e4 : 72;
04e5 : bd;
04e6 : b9;
04e7 : e5;
04e8 : cc;
04e9 : b8;
04ea : f7;
04eb : 99;
04ec : e6;
04ed : 01;
04ee : 35;
04ef : a6;
04f0 : 6a;
04f1 : a6;
04f2 : 86;
04f3 : 54;
04f4 : 74;
04f5 : 4a;
04f6 : 9e;
04f7 : 3f;
04f8 : ce;
04f9 : b2;
04fa : b9;
04fb : f0;
04fc : 82;
04fd : 21;
04fe : 9b;
04ff : 63;
0500 : 09;
0501 : 6f;
0502 : 07;
0503 : 41;
0504 : 7b;
0505 : 53;
0506 : b7;
0507 : 5a;
0508 : 3e;
0509 : 18;
050a : c3;
050b : a1;
050c : 36;
050d : 0a;
050e : 38;
050f : 6f;
0510 : e8;
0511 : da;
0512 : a5;
0513 : 37;
0514 : af;
0515 : 66;
0516 : 94;
0517 : 30;
0518 : 96;
0519 : 29;
051a : 23;
051b : 7d;
051c : c2;
051d : 0b;
051e : a9;
051f : 88;
0520 : ff;
0521 : 08;
0522 : e1;
0523 : f7;
0524 : d4;
0525 : 02;
0526 : 61;
0527 : 4f;
0528 : b8;
0529 : e2;
052a : 8f;
052b : 4e;
052c : 6b;
052d : f1;
052e : 7a;
052f : 8c;
0530 : 07;
0531 : 39;
0532 : 52;
0533 : 3c;
0534 : 9f;
0535 : cb;
0536 : 5c;
0537 : 5c;
0538 : b5;
0539 : 53;
053a : 3a;
053b : 7e;
053c : 8d;
053d : 51;
053e : 78;
053f : 9f;
0540 : a3;
0541 : e0;
0542 : 3c;
0543 : ef;
0544 : 1e;
0545 : b2;
0546 : ab;
0547 : 7a;
0548 : 9a;
0549 : 25;
054a : fb;
054b : a3;
054c : 38;
054d : 07;
054e : 71;
054f : 51;
0550 : 2a;
0551 : 08;
0552 : 7b;
0553 : b6;
0554 : 82;
0555 : fa;
0556 : 42;
0557 : d0;
0558 : f3;
0559 : bf;
055a : d1;
055b : 59;
055c : 69;
055d : 30;
055e : a9;
055f : 44;
0560 : e7;
0561 : c6;
0562 : 4c;
0563 : ec;
0564 : 8f;
0565 : ec;
0566 : 56;
0567 : dc;
0568 : 92;
0569 : 18;
056a : bc;
056b : 55;
056c : c9;
056d : 14;
056e : af;
056f : f7;
0570 : 97;
0571 : 20;
0572 : ac;
0573 : eb;
0574 : 8f;
0575 : 0d;
0576 : 54;
0577 : c9;
0578 : 1c;
0579 : 72;
057a : 6a;
057b : 74;
057c : 40;
057d : c0;
057e : b6;
057f : be;
0580 : 8b;
0581 : 65;
0582 : da;
0583 : b5;
0584 : 41;
0585 : 91;
0586 : 9f;
0587 : b9;
0588 : 08;
0589 : e3;
058a : 58;
058b : ae;
058c : 68;
058d : 37;
058e : 6e;
058f : 47;
0590 : 98;
0591 : 8c;
0592 : 8f;
0593 : d3;
0594 : db;
0595 : 96;
0596 : 42;
0597 : 0f;
0598 : cf;
0599 : 6f;
059a : f4;
059b : 1d;
059c : 6f;
059d : ea;
059e : 63;
059f : 5c;
05a0 : 47;
05a1 : cb;
05a2 : f7;
05a3 : 36;
05a4 : 4f;
05a5 : 52;
05a6 : 90;
05a7 : 63;
05a8 : db;
05a9 : 5e;
05aa : 61;
05ab : 94;
05ac : 91;
05ad : 04;
05ae : ba;
05af : 46;
05b0 : b4;
05b1 : eb;
05b2 : 52;
05b3 : 69;
05b4 : 48;
05b5 : 56;
05b6 : fb;
05b7 : 90;
05b8 : ad;
05b9 : 70;
05ba : ca;
05bb : 93;
05bc : 75;
05bd : 1f;
05be : c8;
05bf : 71;
05c0 : d2;
05c1 : d7;
05c2 : db;
05c3 : c2;
05c4 : 38;
05c5 : 27;
05c6 : 39;
05c7 : d2;
05c8 : 29;
05c9 : 6d;
05ca : 8a;
05cb : df;
05cc : 20;
05cd : 0d;
05ce : 3e;
05cf : 45;
05d0 : 50;
05d1 : 6b;
05d2 : 42;
05d3 : eb;
05d4 : 97;
05d5 : ab;
05d6 : e6;
05d7 : ff;
05d8 : 7a;
05d9 : 81;
05da : 4f;
05db : f7;
05dc : b4;
05dd : a9;
05de : 55;
05df : 5f;
05e0 : c2;
05e1 : 9e;
05e2 : 55;
05e3 : f7;
05e4 : 68;
05e5 : 15;
05e6 : 08;
05e7 : f4;
05e8 : 18;
05e9 : 42;
05ea : 7d;
05eb : 1a;
05ec : e8;
05ed : 4f;
05ee : 97;
05ef : f8;
05f0 : 1a;
05f1 : 3f;
05f2 : 8d;
05f3 : 10;
05f4 : 0b;
05f5 : 95;
05f6 : 42;
05f7 : d7;
05f8 : 5f;
05f9 : 1a;
05fa : 92;
05fb : 16;
05fc : a6;
05fd : 5d;
05fe : b8;
05ff : c5;
0600 : f3;
0601 : f4;
0602 : b6;
0603 : c4;
0604 : 4f;
0605 : 74;
0606 : 27;
0607 : 97;
0608 : b5;
0609 : af;
060a : ad;
060b : 11;
060c : dc;
060d : 2a;
060e : b6;
060f : 3e;
0610 : b4;
0611 : a1;
0612 : 91;
0613 : 73;
0614 : da;
0615 : 2e;
0616 : 9c;
0617 : 82;
0618 : 60;
0619 : 98;
061a : b2;
061b : 57;
061c : ca;
061d : ba;
061e : 07;
061f : 9a;
0620 : 74;
0621 : ce;
0622 : d5;
0623 : 8a;
0624 : ba;
0625 : a3;
0626 : 6d;
0627 : b0;
0628 : ab;
0629 : ab;
062a : ff;
062b : c4;
062c : 41;
062d : 40;
062e : 78;
062f : db;
0630 : 65;
0631 : d5;
0632 : da;
0633 : 22;
0634 : b2;
0635 : c3;
0636 : 95;
0637 : 10;
0638 : e6;
0639 : 19;
063a : 95;
063b : 06;
063c : 24;
063d : 31;
063e : a5;
063f : 48;
0640 : 53;
0641 : ea;
0642 : 30;
0643 : c0;
0644 : 5e;
0645 : 01;
0646 : 97;
0647 : 24;
0648 : 88;
0649 : 4d;
064a : a3;
064b : 26;
064c : c6;
064d : 67;
064e : aa;
064f : d0;
0650 : 6b;
0651 : 99;
0652 : 2e;
0653 : 1a;
0654 : 11;
0655 : 87;
0656 : 66;
0657 : f8;
0658 : 1c;
0659 : 39;
065a : 5a;
065b : 08;
065c : bc;
065d : 65;
065e : d8;
065f : 24;
0660 : 40;
0661 : 52;
0662 : 3c;
0663 : 32;
0664 : ac;
0665 : eb;
0666 : 47;
0667 : 58;
0668 : 73;
0669 : 62;
066a : 85;
066b : f5;
066c : ef;
066d : 3e;
066e : 04;
066f : f2;
0670 : 7b;
0671 : 65;
0672 : e4;
0673 : 0b;
0674 : 8e;
0675 : 3a;
0676 : d4;
0677 : 16;
0678 : af;
0679 : 05;
067a : f5;
067b : 77;
067c : 3f;
067d : 40;
067e : 35;
067f : 5b;
0680 : 2e;
0681 : ca;
0682 : a1;
0683 : ab;
0684 : 5c;
0685 : 44;
0686 : ab;
0687 : 02;
0688 : 76;
0689 : 40;
068a : a0;
068b : 85;
068c : 76;
068d : f4;
068e : 1c;
068f : 8e;
0690 : 6a;
0691 : b2;
0692 : b2;
0693 : 9a;
0694 : 0d;
0695 : 20;
0696 : 12;
0697 : 8c;
0698 : 59;
0699 : 74;
069a : dc;
069b : 30;
069c : 58;
069d : 55;
069e : 6d;
069f : 7e;
06a0 : 4e;
06a1 : 45;
06a2 : 88;
06a3 : ed;
06a4 : 16;
06a5 : 91;
06a6 : ef;
06a7 : a5;
06a8 : b6;
06a9 : ce;
06aa : aa;
06ab : 4b;
06ac : a1;
06ad : 6a;
06ae : 28;
06af : 2e;
06b0 : ab;
06b1 : 93;
06b2 : 00;
06b3 : 68;
06b4 : 58;
06b5 : 1b;
06b6 : e7;
06b7 : 60;
06b8 : ef;
06b9 : 64;
06ba : 88;
06bb : 19;
06bc : 90;
06bd : a0;
06be : 8c;
06bf : d3;
06c0 : e9;
06c1 : 1e;
06c2 : 27;
06c3 : 92;
06c4 : c5;
06c5 : d9;
06c6 : 10;
06c7 : de;
06c8 : 02;
06c9 : aa;
06ca : ea;
06cb : 9e;
06cc : 37;
06cd : 91;
06ce : d7;
06cf : 23;
06d0 : 9f;
06d1 : ee;
06d2 : 17;
06d3 : f2;
06d4 : 7d;
06d5 : f0;
06d6 : d6;
06d7 : dd;
06d8 : 2b;
06d9 : af;
06da : 1b;
06db : bd;
06dc : 1e;
06dd : c8;
06de : 89;
06df : 32;
06e0 : 37;
06e1 : 55;
06e2 : 72;
06e3 : 1a;
06e4 : a1;
06e5 : 5c;
06e6 : 25;
06e7 : 93;
06e8 : 9b;
06e9 : a4;
06ea : 63;
06eb : 3f;
06ec : 8a;
06ed : d1;
06ee : 28;
06ef : 27;
06f0 : 16;
06f1 : 01;
06f2 : af;
06f3 : be;
06f4 : 7b;
06f5 : 10;
06f6 : f1;
06f7 : 63;
06f8 : 53;
06f9 : 92;
06fa : fb;
06fb : d1;
06fc : 5a;
06fd : 13;
06fe : 7f;
06ff : f6;
0700 : e4;
0701 : ae;
0702 : 68;
0703 : 09;
0704 : 52;
0705 : ec;
0706 : c5;
0707 : 7b;
0708 : 70;
0709 : bb;
070a : aa;
070b : 35;
070c : c1;
070d : cf;
070e : 3f;
070f : 91;
0710 : 54;
0711 : dd;
0712 : 35;
0713 : 0a;
0714 : ca;
0715 : c7;
0716 : f7;
0717 : a1;
0718 : c8;
0719 : 7d;
071a : 7d;
071b : fd;
071c : cc;
071d : b5;
071e : 42;
071f : 1f;
0720 : e5;
0721 : 56;
0722 : b8;
0723 : 0b;
0724 : 61;
0725 : 91;
0726 : 65;
0727 : 3f;
0728 : 8e;
0729 : 14;
072a : df;
072b : 33;
072c : fd;
072d : 22;
072e : f9;
072f : 16;
0730 : 9a;
0731 : 11;
0732 : 39;
0733 : 6f;
0734 : 23;
0735 : e9;
0736 : b7;
0737 : f6;
0738 : ac;
0739 : 2f;
073a : c9;
073b : 10;
073c : 69;
073d : 8b;
073e : 31;
073f : 12;
0740 : 26;
0741 : ff;
0742 : ad;
0743 : 4f;
0744 : 4f;
0745 : e5;
0746 : 20;
0747 : 1c;
0748 : fe;
0749 : 6f;
074a : 95;
074b : cb;
074c : b8;
074d : 01;
074e : e6;
074f : 93;
0750 : d6;
0751 : b9;
0752 : f3;
0753 : bd;
0754 : 92;
0755 : 02;
0756 : 33;
0757 : 26;
0758 : 4c;
0759 : 0e;
075a : df;
075b : ad;
075c : a0;
075d : da;
075e : 1f;
075f : 42;
0760 : a5;
0761 : ed;
0762 : b2;
0763 : 46;
0764 : cf;
0765 : 95;
0766 : d5;
0767 : 70;
0768 : 1b;
0769 : 10;
076a : a0;
076b : fe;
076c : ec;
076d : e7;
076e : b2;
076f : cb;
0770 : 9c;
0771 : 4f;
0772 : 43;
0773 : 04;
0774 : 2c;
0775 : 64;
0776 : f5;
0777 : 89;
0778 : a0;
0779 : e9;
077a : bf;
077b : da;
077c : ce;
077d : b7;
077e : 04;
077f : 31;
0780 : b2;
0781 : 7a;
0782 : b4;
0783 : 79;
0784 : 46;
0785 : 01;
0786 : 83;
0787 : 87;
0788 : 00;
0789 : 6e;
078a : f6;
078b : 2c;
078c : db;
078d : b2;
078e : cb;
078f : 66;
0790 : ef;
0791 : 91;
0792 : f4;
0793 : 9d;
0794 : ab;
0795 : 43;
0796 : d1;
0797 : 3a;
0798 : 66;
0799 : ce;
079a : 12;
079b : b6;
079c : 4a;
079d : 46;
079e : 5c;
079f : 99;
07a0 : c2;
07a1 : a4;
07a2 : b0;
07a3 : 7a;
07a4 : 73;
07a5 : 38;
07a6 : 29;
07a7 : c9;
07a8 : 4e;
07a9 : 1a;
07aa : e5;
07ab : 4d;
07ac : 7f;
07ad : a3;
07ae : 81;
07af : 02;
07b0 : 1b;
07b1 : 75;
07b2 : 11;
07b3 : 7f;
07b4 : 79;
07b5 : 98;
07b6 : 2e;
07b7 : de;
07b8 : 46;
07b9 : b4;
07ba : 20;
07bb : 44;
07bc : 14;
07bd : 9b;
07be : 07;
07bf : 24;
07c0 : 1c;
07c1 : bc;
07c2 : 63;
07c3 : 05;
07c4 : 63;
07c5 : 74;
07c6 : 7d;
07c7 : 6a;
07c8 : 29;
07c9 : fa;
07ca : 3a;
07cb : 38;
07cc : c3;
07cd : c6;
07ce : a0;
07cf : f5;
07d0 : 9a;
07d1 : a3;
07d2 : 89;
07d3 : 00;
07d4 : f8;
07d5 : 61;
07d6 : 61;
07d7 : 70;
07d8 : 03;
07d9 : d0;
07da : 07;
07db : 69;
07dc : 79;
07dd : 66;
07de : a3;
07df : 21;
07e0 : b0;
07e1 : 94;
07e2 : 0a;
07e3 : d2;
07e4 : 3b;
07e5 : e7;
07e6 : 2d;
07e7 : e8;
07e8 : 25;
07e9 : da;
07ea : 6c;
07eb : 8e;
07ec : 2a;
07ed : 09;
07ee : a8;
07ef : a9;
07f0 : 3b;
07f1 : 86;
07f2 : 16;
07f3 : ec;
07f4 : ce;
07f5 : 2e;
07f6 : 87;
07f7 : ea;
07f8 : 4e;
07f9 : 72;
07fa : 7f;
07fb : 25;
07fc : 33;
07fd : d1;
07fe : 34;
07ff : d4;
0800 : 1f;
0801 : 13;
0802 : 21;
0803 : 57;
0804 : da;
0805 : b1;
0806 : d2;
0807 : 78;
0808 : 18;
0809 : 1f;
080a : 62;
080b : 42;
080c : 5f;
080d : 70;
080e : 46;
080f : 87;
0810 : df;
0811 : 28;
0812 : 59;
0813 : 33;
0814 : 13;
0815 : 7c;
0816 : b0;
0817 : 7a;
0818 : 7d;
0819 : d1;
081a : 58;
081b : 74;
081c : db;
081d : 67;
081e : 43;
081f : 74;
0820 : 13;
0821 : 29;
0822 : ac;
0823 : 17;
0824 : ab;
0825 : 08;
0826 : 3e;
0827 : 00;
0828 : 1c;
0829 : 02;
082a : 4d;
082b : 1b;
082c : b3;
082d : 1a;
082e : cd;
082f : a5;
0830 : 4b;
0831 : a7;
0832 : cb;
0833 : 4a;
0834 : 99;
0835 : 9a;
0836 : 0e;
0837 : 33;
0838 : b5;
0839 : e3;
083a : 2c;
083b : b8;
083c : d0;
083d : 06;
083e : 5d;
083f : d0;
0840 : 00;
0841 : 0c;
0842 : ac;
0843 : 1f;
0844 : dd;
0845 : 9c;
0846 : 82;
0847 : 12;
0848 : 4c;
0849 : 54;
084a : ba;
084b : 49;
084c : 51;
084d : a0;
084e : 84;
084f : 6a;
0850 : 88;
0851 : fb;
0852 : c7;
0853 : ba;
0854 : d3;
0855 : 70;
0856 : 2b;
0857 : 27;
0858 : 1c;
0859 : e1;
085a : a2;
085b : 0a;
085c : 98;
085d : 2d;
085e : 90;
085f : 27;
0860 : fe;
0861 : 1f;
0862 : e5;
0863 : e7;
0864 : 04;
0865 : 1f;
0866 : ba;
0867 : 12;
0868 : d4;
0869 : 96;
086a : 0f;
086b : 13;
086c : 39;
086d : c4;
086e : fc;
086f : b2;
0870 : 21;
0871 : 36;
0872 : de;
0873 : 08;
0874 : 64;
0875 : 2d;
0876 : ef;
0877 : d3;
0878 : d7;
0879 : c4;
087a : 42;
087b : df;
087c : b1;
087d : 2d;
087e : bf;
087f : 06;
0880 : 9d;
0881 : a4;
0882 : 89;
0883 : a6;
0884 : 4c;
0885 : ac;
0886 : db;
0887 : 76;
0888 : 0d;
0889 : a0;
088a : 49;
088b : c7;
088c : cb;
088d : f6;
088e : ab;
088f : 89;
0890 : a3;
0891 : b2;
0892 : 0d;
0893 : 3f;
0894 : 17;
0895 : 3b;
0896 : af;
0897 : 2f;
0898 : af;
0899 : ab;
089a : b0;
089b : 7a;
089c : a9;
089d : f0;
089e : db;
089f : fe;
08a0 : 92;
08a1 : 5b;
08a2 : 6b;
08a3 : 6d;
08a4 : ce;
08a5 : ce;
08a6 : 93;
08a7 : ea;
08a8 : c7;
08a9 : 80;
08aa : 37;
08ab : df;
08ac : 6e;
08ad : 52;
08ae : 78;
08af : 87;
08b0 : ba;
08b1 : 7c;
08b2 : 02;
08b3 : fe;
08b4 : 6e;
08b5 : 50;
08b6 : 21;
08b7 : f4;
08b8 : 9d;
08b9 : 1e;
08ba : 55;
08bb : 80;
08bc : 0c;
08bd : b8;
08be : 2b;
08bf : ea;
08c0 : e7;
08c1 : a0;
08c2 : 6b;
08c3 : 80;
08c4 : 1f;
08c5 : cd;
08c6 : 80;
08c7 : 24;
08c8 : a1;
08c9 : 53;
08ca : 86;
08cb : 90;
08cc : 4f;
08cd : 86;
08ce : 79;
08cf : b3;
08d0 : c6;
08d1 : 4a;
08d2 : a3;
08d3 : 0d;
08d4 : e4;
08d5 : ed;
08d6 : c7;
08d7 : 65;
08d8 : 09;
08d9 : 21;
08da : 21;
08db : a3;
08dc : e9;
08dd : ac;
08de : f5;
08df : 98;
08e0 : 4c;
08e1 : 15;
08e2 : 88;
08e3 : 68;
08e4 : b5;
08e5 : 0d;
08e6 : bc;
08e7 : 34;
08e8 : 41;
08e9 : 31;
08ea : 21;
08eb : b4;
08ec : ca;
08ed : d6;
08ee : 0e;
08ef : 65;
08f0 : 1a;
08f1 : 58;
08f2 : c8;
08f3 : c6;
08f4 : eb;
08f5 : 9a;
08f6 : 75;
08f7 : 29;
08f8 : 11;
08f9 : 0f;
08fa : ea;
08fb : c7;
08fc : 2a;
08fd : 5a;
08fe : 42;
08ff : 29;
0900 : 83;
0901 : 9e;
0902 : 28;
0903 : 51;
0904 : ff;
0905 : d1;
0906 : 32;
0907 : ca;
0908 : e7;
0909 : 9c;
090a : e7;
090b : e9;
090c : 29;
090d : 8c;
090e : 15;
090f : 44;
0910 : 7d;
0911 : 24;
0912 : 2a;
0913 : 6b;
0914 : cd;
0915 : 2d;
0916 : 18;
0917 : 76;
0918 : d9;
0919 : 94;
091a : 38;
091b : f7;
091c : 1f;
091d : a2;
091e : 88;
091f : 48;
0920 : 20;
0921 : 9c;
0922 : d1;
0923 : 48;
0924 : 3b;
0925 : 0d;
0926 : 75;
0927 : fe;
0928 : a3;
0929 : c3;
092a : 77;
092b : 6f;
092c : 9e;
092d : 98;
092e : 95;
092f : 73;
0930 : bd;
0931 : f6;
0932 : de;
0933 : c2;
0934 : 7e;
0935 : 6d;
0936 : 88;
0937 : 6f;
0938 : 6f;
0939 : 1d;
093a : 2d;
093b : c7;
093c : 96;
093d : 49;
093e : 80;
093f : da;
0940 : 9e;
0941 : 50;
0942 : 98;
0943 : 9b;
0944 : 31;
0945 : df;
0946 : 69;
0947 : 44;
0948 : 24;
0949 : c3;
094a : 89;
094b : f0;
094c : 67;
094d : f2;
094e : b5;
094f : 40;
0950 : 76;
0951 : 8c;
0952 : bb;
0953 : bb;
0954 : 46;
0955 : 28;
0956 : 80;
0957 : 63;
0958 : 0b;
0959 : c3;
095a : 34;
095b : 04;
095c : 3a;
095d : 42;
095e : b4;
095f : b1;
0960 : 72;
0961 : c2;
0962 : 5e;
0963 : 5d;
0964 : 89;
0965 : 33;
0966 : 15;
0967 : c9;
0968 : 7d;
0969 : e0;
096a : 5d;
096b : 8f;
096c : 72;
096d : 87;
096e : 46;
096f : 12;
0970 : 93;
0971 : 4c;
0972 : f0;
0973 : ac;
0974 : e7;
0975 : 9b;
0976 : 12;
0977 : 07;
0978 : 6f;
0979 : 59;
097a : 17;
097b : f1;
097c : 54;
097d : 7d;
097e : be;
097f : bd;
0980 : 27;
0981 : c3;
0982 : 94;
0983 : 42;
0984 : 66;
0985 : 8a;
0986 : 42;
0987 : d4;
0988 : cd;
0989 : 18;
098a : b0;
098b : 70;
098c : 3e;
098d : 1c;
098e : ec;
098f : 71;
0990 : 9f;
0991 : 8c;
0992 : e7;
0993 : 83;
0994 : 99;
0995 : 74;
0996 : c8;
0997 : 97;
0998 : e9;
0999 : ad;
099a : cb;
099b : d1;
099c : 25;
099d : e3;
099e : 57;
099f : b5;
09a0 : 6c;
09a1 : 26;
09a2 : 2d;
09a3 : 5c;
09a4 : 5f;
09a5 : 62;
09a6 : 02;
09a7 : f1;
09a8 : 66;
09a9 : 5d;
09aa : 1a;
09ab : 68;
09ac : ac;
09ad : 2c;
09ae : ea;
09af : 3f;
09b0 : 16;
09b1 : 11;
09b2 : d2;
09b3 : 22;
09b4 : c5;
09b5 : 1a;
09b6 : c0;
09b7 : ea;
09b8 : a5;
09b9 : fe;
09ba : e8;
09bb : 7c;
09bc : c5;
09bd : a5;
09be : 29;
09bf : 7d;
09c0 : 6e;
09c1 : c9;
09c2 : b2;
09c3 : bb;
09c4 : 5f;
09c5 : 0f;
09c6 : 63;
09c7 : e8;
09c8 : 75;
09c9 : 64;
09ca : 54;
09cb : 79;
09cc : 3b;
09cd : 71;
09ce : 04;
09cf : 8d;
09d0 : 5d;
09d1 : 5a;
09d2 : 50;
09d3 : a0;
09d4 : dd;
09d5 : ee;
09d6 : a5;
09d7 : b7;
09d8 : fe;
09d9 : 15;
09da : 6a;
09db : c6;
09dc : ca;
09dd : 10;
09de : 41;
09df : cc;
09e0 : 6b;
09e1 : f5;
09e2 : 46;
09e3 : 5a;
09e4 : 3e;
09e5 : f4;
09e6 : a8;
09e7 : 1b;
09e8 : c5;
09e9 : 27;
09ea : 51;
09eb : 55;
09ec : 82;
09ed : 34;
09ee : d0;
09ef : 25;
09f0 : 25;
09f1 : 48;
09f2 : 60;
09f3 : d8;
09f4 : 5c;
09f5 : 60;
09f6 : da;
09f7 : 53;
09f8 : c3;
09f9 : 0e;
09fa : c1;
09fb : 58;
09fc : 5b;
09fd : b4;
09fe : 1a;
09ff : c0;
0a00 : e7;
0a01 : ec;
0a02 : db;
0a03 : d0;
0a04 : ee;
0a05 : 36;
0a06 : d5;
0a07 : f8;
0a08 : ae;
0a09 : 3f;
0a0a : 74;
0a0b : eb;
0a0c : ee;
0a0d : f6;
0a0e : 0b;
0a0f : 37;
0a10 : b3;
0a11 : 0a;
0a12 : 3b;
0a13 : 06;
0a14 : 72;
0a15 : 75;
0a16 : 66;
0a17 : ed;
0a18 : 49;
0a19 : 4a;
0a1a : c3;
0a1b : 01;
0a1c : bd;
0a1d : 8d;
0a1e : d8;
0a1f : b7;
0a20 : 77;
0a21 : dc;
0a22 : 80;
0a23 : a2;
0a24 : c7;
0a25 : c8;
0a26 : 2d;
0a27 : dd;
0a28 : db;
0a29 : 7e;
0a2a : 5e;
0a2b : 79;
0a2c : b5;
0a2d : 37;
0a2e : b2;
0a2f : 13;
0a30 : 05;
0a31 : 56;
0a32 : d1;
0a33 : a8;
0a34 : 0e;
0a35 : b4;
0a36 : 5a;
0a37 : 4b;
0a38 : 69;
0a39 : e0;
0a3a : 6c;
0a3b : e8;
0a3c : bc;
0a3d : dd;
0a3e : 11;
0a3f : ae;
0a40 : 60;
0a41 : 1f;
0a42 : d4;
0a43 : 3e;
0a44 : 66;
0a45 : 79;
0a46 : d9;
0a47 : 1f;
0a48 : ec;
0a49 : a0;
0a4a : ac;
0a4b : 72;
0a4c : 03;
0a4d : 57;
0a4e : 1a;
0a4f : f0;
0a50 : 66;
0a51 : 09;
0a52 : 4d;
0a53 : 0d;
0a54 : d2;
0a55 : 5e;
0a56 : ef;
0a57 : 5d;
0a58 : 6d;
0a59 : 45;
0a5a : ac;
0a5b : 89;
0a5c : 6a;
0a5d : 98;
0a5e : 9c;
0a5f : ac;
0a60 : f8;
0a61 : db;
0a62 : b6;
0a63 : 6a;
0a64 : 65;
0a65 : f9;
0a66 : 44;
0a67 : 83;
0a68 : 33;
0a69 : 2e;
0a6a : 7d;
0a6b : c5;
0a6c : 90;
0a6d : e8;
0a6e : aa;
0a6f : dd;
0a70 : ab;
0a71 : 6a;
0a72 : 09;
0a73 : 3d;
0a74 : 86;
0a75 : 6e;
0a76 : 8e;
0a77 : 3d;
0a78 : d0;
0a79 : 56;
0a7a : da;
0a7b : ba;
0a7c : dc;
0a7d : 62;
0a7e : 77;
0a7f : 82;
0a80 : f1;
0a81 : 30;
0a82 : bf;
0a83 : f4;
0a84 : 81;
0a85 : 9e;
0a86 : 12;
0a87 : cc;
0a88 : d8;
0a89 : cb;
0a8a : 8f;
0a8b : c8;
0a8c : 5e;
0a8d : f5;
0a8e : 43;
0a8f : f6;
0a90 : 0b;
0a91 : 6e;
0a92 : a3;
0a93 : 6e;
0a94 : 86;
0a95 : 31;
0a96 : 85;
0a97 : 14;
0a98 : 6d;
0a99 : fd;
0a9a : 47;
0a9b : 58;
0a9c : 0a;
0a9d : c9;
0a9e : 1b;
0a9f : 53;
0aa0 : f8;
0aa1 : 7e;
0aa2 : ba;
0aa3 : 7c;
0aa4 : e7;
0aa5 : 7d;
0aa6 : e0;
0aa7 : bc;
0aa8 : b3;
0aa9 : fa;
0aaa : 45;
0aab : 66;
0aac : 43;
0aad : ac;
0aae : 66;
0aaf : 1c;
0ab0 : a7;
0ab1 : 59;
0ab2 : 2d;
0ab3 : 19;
0ab4 : 75;
0ab5 : ac;
0ab6 : c9;
0ab7 : 33;
0ab8 : b1;
0ab9 : 80;
0aba : 9e;
0abb : 8b;
0abc : 6b;
0abd : a4;
0abe : fb;
0abf : 7f;
0ac0 : 26;
0ac1 : 78;
0ac2 : 7d;
0ac3 : c9;
0ac4 : bf;
0ac5 : d0;
0ac6 : df;
0ac7 : 2c;
0ac8 : d4;
0ac9 : a0;
0aca : 18;
0acb : 79;
0acc : 44;
0acd : f8;
0ace : 07;
0acf : 39;
0ad0 : 84;
0ad1 : 27;
0ad2 : 4b;
0ad3 : d4;
0ad4 : 4d;
0ad5 : 07;
0ad6 : 37;
0ad7 : 56;
0ad8 : 0d;
0ad9 : af;
0ada : 10;
0adb : 34;
0adc : c8;
0add : 17;
0ade : a6;
0adf : d1;
0ae0 : f8;
0ae1 : 70;
0ae2 : fc;
0ae3 : 4b;
0ae4 : 6d;
0ae5 : a6;
0ae6 : 3b;
0ae7 : 3e;
0ae8 : 34;
0ae9 : 04;
0aea : 99;
0aeb : 29;
0aec : 57;
0aed : 53;
0aee : ce;
0aef : cc;
0af0 : 49;
0af1 : 54;
0af2 : 8e;
0af3 : 13;
0af4 : 40;
0af5 : 78;
0af6 : bf;
0af7 : b4;
0af8 : 89;
0af9 : 96;
0afa : 9d;
0afb : 47;
0afc : cb;
0afd : 30;
0afe : 0d;
0aff : ca;
0b00 : a2;
0b01 : ad;
0b02 : 2e;
0b03 : 6e;
0b04 : ba;
0b05 : b3;
0b06 : fb;
0b07 : fa;
0b08 : 52;
0b09 : 2d;
0b0a : fd;
0b0b : 47;
0b0c : 4c;
0b0d : ae;
0b0e : 30;
0b0f : 24;
0b10 : de;
0b11 : 89;
0b12 : 76;
0b13 : 77;
0b14 : aa;
0b15 : e6;
0b16 : d6;
0b17 : 07;
0b18 : d2;
0b19 : c4;
0b1a : ef;
0b1b : 48;
0b1c : 94;
0b1d : 52;
0b1e : e4;
0b1f : 03;
0b20 : b2;
0b21 : 7a;
0b22 : 0e;
0b23 : b3;
0b24 : 94;
0b25 : 61;
0b26 : ec;
0b27 : b0;
0b28 : c4;
0b29 : 4d;
0b2a : 82;
0b2b : 51;
0b2c : 91;
0b2d : c7;
0b2e : 0e;
0b2f : ae;
0b30 : 7c;
0b31 : f8;
0b32 : 84;
0b33 : 1b;
0b34 : 0c;
0b35 : e2;
0b36 : 73;
0b37 : 63;
0b38 : eb;
0b39 : 97;
0b3a : 27;
0b3b : 11;
0b3c : 19;
0b3d : ad;
0b3e : 34;
0b3f : 40;
0b40 : 9b;
0b41 : 3a;
0b42 : f6;
0b43 : 2e;
0b44 : c5;
0b45 : a6;
0b46 : 62;
0b47 : 02;
0b48 : 87;
0b49 : 0e;
0b4a : dc;
0b4b : 97;
0b4c : 5e;
0b4d : 31;
0b4e : 67;
0b4f : 40;
0b50 : f8;
0b51 : ac;
0b52 : ba;
0b53 : b9;
0b54 : ac;
0b55 : b7;
0b56 : c5;
0b57 : 65;
0b58 : 12;
0b59 : 8f;
0b5a : 33;
0b5b : b3;
0b5c : 69;
0b5d : d9;
0b5e : 98;
0b5f : 64;
0b60 : 8e;
0b61 : 30;
0b62 : 9c;
0b63 : a1;
0b64 : 87;
0b65 : 0a;
0b66 : 5c;
0b67 : 21;
0b68 : d1;
0b69 : c6;
0b6a : 50;
0b6b : 2c;
0b6c : 27;
0b6d : 7c;
0b6e : d3;
0b6f : df;
0b70 : a1;
0b71 : 8b;
0b72 : c8;
0b73 : 4c;
0b74 : 5c;
0b75 : be;
0b76 : 91;
0b77 : 1a;
0b78 : 24;
0b79 : 91;
0b7a : a6;
0b7b : d3;
0b7c : 9e;
0b7d : 93;
0b7e : 51;
0b7f : 13;
0b80 : 51;
0b81 : 17;
0b82 : 88;
0b83 : 11;
0b84 : a0;
0b85 : 3d;
0b86 : 42;
0b87 : 17;
0b88 : 76;
0b89 : 68;
0b8a : 98;
0b8b : ed;
0b8c : 3e;
0b8d : bd;
0b8e : d0;
0b8f : 1a;
0b90 : 83;
0b91 : 11;
0b92 : 44;
0b93 : 22;
0b94 : cc;
0b95 : 0d;
0b96 : 4f;
0b97 : ac;
0b98 : bd;
0b99 : 2f;
0b9a : c6;
0b9b : 3e;
0b9c : 54;
0b9d : ca;
0b9e : 44;
0b9f : f4;
0ba0 : 13;
0ba1 : 09;
0ba2 : 58;
0ba3 : fb;
0ba4 : c1;
0ba5 : 1d;
0ba6 : 28;
0ba7 : 67;
0ba8 : 3b;
0ba9 : 1a;
0baa : 89;
0bab : 67;
0bac : 33;
0bad : 29;
0bae : e2;
0baf : 9b;
0bb0 : d0;
0bb1 : 91;
0bb2 : f7;
0bb3 : 03;
0bb4 : 25;
0bb5 : 04;
0bb6 : 77;
0bb7 : a1;
0bb8 : cf;
0bb9 : 48;
0bba : 46;
0bbb : 72;
0bbc : f8;
0bbd : 82;
0bbe : 50;
0bbf : 43;
0bc0 : af;
0bc1 : ac;
0bc2 : e3;
0bc3 : a1;
0bc4 : ff;
0bc5 : ed;
0bc6 : b6;
0bc7 : 55;
0bc8 : a3;
0bc9 : 2f;
0bca : 52;
0bcb : fe;
0bcc : c6;
0bcd : 92;
0bce : ba;
0bcf : 61;
0bd0 : 98;
0bd1 : 5f;
0bd2 : 14;
0bd3 : 45;
0bd4 : 3e;
0bd5 : 80;
0bd6 : c0;
0bd7 : b2;
0bd8 : e1;
0bd9 : a1;
0bda : a1;
0bdb : a4;
0bdc : c4;
0bdd : f5;
0bde : 31;
0bdf : e5;
0be0 : 4d;
0be1 : 3f;
0be2 : 2f;
0be3 : 10;
0be4 : bb;
0be5 : 63;
0be6 : 90;
0be7 : ab;
0be8 : c3;
0be9 : c1;
0bea : dd;
0beb : b1;
0bec : 80;
0bed : e7;
0bee : 14;
0bef : 7d;
0bf0 : fd;
0bf1 : 8e;
0bf2 : 9c;
0bf3 : a4;
0bf4 : ff;
0bf5 : 8b;
0bf6 : c0;
0bf7 : 9a;
0bf8 : c9;
0bf9 : f2;
0bfa : 25;
0bfb : 60;
0bfc : 1a;
0bfd : ae;
0bfe : bf;
0bff : 17;
0c00 : 36;
0c01 : 5f;
0c02 : a4;
0c03 : d3;
0c04 : 4a;
0c05 : 98;
0c06 : 59;
0c07 : 99;
0c08 : a4;
0c09 : 39;
0c0a : bd;
0c0b : 61;
0c0c : d9;
0c0d : 5f;
0c0e : 66;
0c0f : a8;
0c10 : 4c;
0c11 : de;
0c12 : 32;
0c13 : 8d;
0c14 : ba;
0c15 : c3;
0c16 : 57;
0c17 : 69;
0c18 : bc;
0c19 : 61;
0c1a : 5f;
0c1b : 2b;
0c1c : 42;
0c1d : bc;
0c1e : 2a;
0c1f : 12;
0c20 : dd;
0c21 : 93;
0c22 : d1;
0c23 : 3e;
0c24 : dd;
0c25 : e0;
0c26 : 10;
0c27 : bd;
0c28 : af;
0c29 : e2;
0c2a : d2;
0c2b : 77;
0c2c : c6;
0c2d : 7c;
0c2e : 1a;
0c2f : c2;
0c30 : 0f;
0c31 : c4;
0c32 : e2;
0c33 : 8f;
0c34 : 5d;
0c35 : db;
0c36 : 79;
0c37 : 24;
0c38 : 8a;
0c39 : 4a;
0c3a : b0;
0c3b : be;
0c3c : 10;
0c3d : 17;
0c3e : 37;
0c3f : fc;
0c40 : 8c;
0c41 : c9;
0c42 : 79;
0c43 : 24;
0c44 : db;
0c45 : 58;
0c46 : ed;
0c47 : 6b;
0c48 : 54;
0c49 : e6;
0c4a : 9e;
0c4b : 02;
0c4c : 6d;
0c4d : f6;
0c4e : cb;
0c4f : 2d;
0c50 : 76;
0c51 : c3;
0c52 : 4e;
0c53 : 7b;
0c54 : 11;
0c55 : 94;
0c56 : 29;
0c57 : 3b;
0c58 : d4;
0c59 : 4d;
0c5a : 11;
0c5b : 2e;
0c5c : fd;
0c5d : 83;
0c5e : 36;
0c5f : bc;
0c60 : ab;
0c61 : 1f;
0c62 : db;
0c63 : 39;
0c64 : 41;
0c65 : 23;
0c66 : 85;
0c67 : e4;
0c68 : fa;
0c69 : 67;
0c6a : 44;
0c6b : 0b;
0c6c : d5;
0c6d : bb;
0c6e : 64;
0c6f : 83;
0c70 : da;
0c71 : 1d;
0c72 : 0c;
0c73 : da;
0c74 : b6;
0c75 : 81;
0c76 : 13;
0c77 : 99;
0c78 : 95;
0c79 : ed;
0c7a : 82;
0c7b : 13;
0c7c : 86;
0c7d : fb;
0c7e : d0;
0c7f : 33;
0c80 : e4;
0c81 : 4b;
0c82 : 3c;
0c83 : 5c;
0c84 : be;
0c85 : bf;
0c86 : 39;
0c87 : d3;
0c88 : a1;
0c89 : eb;
0c8a : 01;
0c8b : a1;
0c8c : d9;
0c8d : be;
0c8e : 5e;
0c8f : cf;
0c90 : bd;
0c91 : dd;
0c92 : 54;
0c93 : 7f;
0c94 : 3b;
0c95 : 66;
0c96 : ca;
0c97 : d7;
0c98 : e9;
0c99 : 0b;
0c9a : 84;
0c9b : 09;
0c9c : ee;
0c9d : 92;
0c9e : c6;
0c9f : 45;
0ca0 : 43;
0ca1 : 21;
0ca2 : 31;
0ca3 : 4a;
0ca4 : f1;
0ca5 : 52;
0ca6 : 0c;
0ca7 : 53;
0ca8 : 63;
0ca9 : 49;
0caa : 95;
0cab : 13;
0cac : 35;
0cad : 8a;
0cae : a8;
0caf : ff;
0cb0 : 17;
0cb1 : be;
0cb2 : e8;
0cb3 : d6;
0cb4 : b3;
0cb5 : fc;
0cb6 : 50;
0cb7 : 87;
0cb8 : e7;
0cb9 : 99;
0cba : c4;
0cbb : e0;
0cbc : 1f;
0cbd : f8;
0cbe : 0f;
0cbf : 46;
0cc0 : 54;
0cc1 : c5;
0cc2 : 6c;
0cc3 : 53;
0cc4 : 8f;
0cc5 : ed;
0cc6 : 6f;
0cc7 : 80;
0cc8 : 1c;
0cc9 : e7;
0cca : 28;
0ccb : 05;
0ccc : 1d;
0ccd : f6;
0cce : 3e;
0ccf : 08;
0cd0 : 34;
0cd1 : 05;
0cd2 : 98;
0cd3 : 24;
0cd4 : 0d;
0cd5 : b7;
0cd6 : 24;
0cd7 : 5e;
0cd8 : 6d;
0cd9 : e8;
0cda : ec;
0cdb : f8;
0cdc : fb;
0cdd : 74;
0cde : 97;
0cdf : 0c;
0ce0 : 68;
0ce1 : 1c;
0ce2 : 48;
0ce3 : c5;
0ce4 : 73;
0ce5 : c1;
0ce6 : 0f;
0ce7 : ad;
0ce8 : 49;
0ce9 : a8;
0cea : 0d;
0ceb : cd;
0cec : e8;
0ced : a4;
0cee : bf;
0cef : 78;
0cf0 : 18;
0cf1 : 29;
0cf2 : fe;
0cf3 : e7;
0cf4 : 8d;
0cf5 : c8;
0cf6 : 0a;
0cf7 : e9;
0cf8 : 24;
0cf9 : 9b;
0cfa : 84;
0cfb : 3b;
0cfc : 42;
0cfd : df;
0cfe : 3c;
0cff : bb;
0d00 : fa;
0d01 : 50;
0d02 : fd;
0d03 : f3;
0d04 : 21;
0d05 : a2;
0d06 : f4;
0d07 : 73;
0d08 : ca;
0d09 : cd;
0d0a : 41;
0d0b : c0;
0d0c : ce;
0d0d : aa;
0d0e : bb;
0d0f : 55;
0d10 : 9e;
0d11 : b6;
0d12 : a8;
0d13 : b0;
0d14 : 6c;
0d15 : f2;
0d16 : 1f;
0d17 : 13;
0d18 : 71;
0d19 : 25;
0d1a : ef;
0d1b : 1a;
0d1c : ae;
0d1d : f9;
0d1e : 3f;
0d1f : ca;
0d20 : 16;
0d21 : b2;
0d22 : 4e;
0d23 : 61;
0d24 : d1;
0d25 : b8;
0d26 : 9c;
0d27 : 96;
0d28 : 52;
0d29 : 5b;
0d2a : 30;
0d2b : bc;
0d2c : 55;
0d2d : 26;
0d2e : b3;
0d2f : 7d;
0d30 : 02;
0d31 : fe;
0d32 : 97;
0d33 : 27;
0d34 : eb;
0d35 : 65;
0d36 : 34;
0d37 : 16;
0d38 : fc;
0d39 : 25;
0d3a : 9d;
0d3b : 57;
0d3c : 9f;
0d3d : a4;
0d3e : 43;
0d3f : 3d;
0d40 : 06;
0d41 : 5c;
0d42 : 8f;
0d43 : 23;
0d44 : 3a;
0d45 : a2;
0d46 : 21;
0d47 : b8;
0d48 : 20;
0d49 : 9f;
0d4a : 56;
0d4b : 19;
0d4c : 76;
0d4d : 25;
0d4e : ac;
0d4f : 40;
0d50 : 1b;
0d51 : 3c;
0d52 : 2a;
0d53 : 97;
0d54 : d0;
0d55 : 27;
0d56 : 7f;
0d57 : d4;
0d58 : be;
0d59 : 7e;
0d5a : 48;
0d5b : fe;
0d5c : 9a;
0d5d : 66;
0d5e : 91;
0d5f : 3d;
0d60 : f6;
0d61 : e1;
0d62 : 8a;
0d63 : ea;
0d64 : f7;
0d65 : 68;
0d66 : 8e;
0d67 : 51;
0d68 : 21;
0d69 : 3d;
0d6a : d1;
0d6b : 71;
0d6c : d9;
0d6d : 88;
0d6e : 38;
0d6f : e9;
0d70 : 56;
0d71 : 55;
0d72 : bf;
0d73 : 65;
0d74 : a0;
0d75 : 7f;
0d76 : 13;
0d77 : 5e;
0d78 : 42;
0d79 : 6a;
0d7a : 51;
0d7b : 29;
0d7c : f3;
0d7d : 38;
0d7e : 84;
0d7f : e7;
0d80 : 02;
0d81 : c2;
0d82 : a6;
0d83 : a6;
0d84 : 64;
0d85 : 86;
0d86 : a6;
0d87 : e2;
0d88 : fd;
0d89 : 31;
0d8a : 81;
0d8b : f8;
0d8c : ce;
0d8d : 36;
0d8e : 0f;
0d8f : 81;
0d90 : eb;
0d91 : 1d;
0d92 : e5;
0d93 : 2b;
0d94 : 30;
0d95 : 08;
0d96 : f9;
0d97 : d4;
0d98 : d3;
0d99 : 14;
0d9a : b5;
0d9b : 46;
0d9c : a6;
0d9d : 87;
0d9e : 41;
0d9f : 8d;
0da0 : 9a;
0da1 : 01;
0da2 : ac;
0da3 : 79;
0da4 : cb;
0da5 : 79;
0da6 : 80;
0da7 : 19;
0da8 : 62;
0da9 : 6c;
0daa : 0f;
0dab : 4c;
0dac : 10;
0dad : 61;
0dae : ea;
0daf : 6d;
0db0 : 0f;
0db1 : 50;
0db2 : f2;
0db3 : 10;
0db4 : 4e;
0db5 : 6e;
0db6 : 9f;
0db7 : d8;
0db8 : 63;
0db9 : d3;
0dba : c8;
0dbb : 44;
0dbc : 30;
0dbd : d5;
0dbe : 90;
0dbf : 81;
0dc0 : ab;
0dc1 : 91;
0dc2 : c5;
0dc3 : 76;
0dc4 : c2;
0dc5 : 9b;
0dc6 : 4b;
0dc7 : 84;
0dc8 : ee;
0dc9 : 99;
0dca : 8c;
0dcb : 6f;
0dcc : 1c;
0dcd : 28;
0dce : 1d;
0dcf : 5c;
0dd0 : ca;
0dd1 : 3e;
0dd2 : 9c;
0dd3 : 72;
0dd4 : ab;
0dd5 : a0;
0dd6 : 04;
0dd7 : 3b;
0dd8 : 22;
0dd9 : 3a;
0dda : 6c;
0ddb : 56;
0ddc : d1;
0ddd : c2;
0dde : 6a;
0ddf : b7;
0de0 : f6;
0de1 : 65;
0de2 : e4;
0de3 : ed;
0de4 : d0;
0de5 : 03;
0de6 : a7;
0de7 : 82;
0de8 : 0d;
0de9 : 24;
0dea : 45;
0deb : c8;
0dec : 5a;
0ded : 52;
0dee : 25;
0def : 59;
0df0 : 02;
0df1 : c3;
0df2 : 27;
0df3 : 80;
0df4 : b5;
0df5 : b4;
0df6 : 77;
0df7 : d1;
0df8 : dc;
0df9 : 26;
0dfa : d4;
0dfb : ed;
0dfc : 7a;
0dfd : 72;
0dfe : fa;
0dff : 55;
0e00 : 9c;
0e01 : 9d;
0e02 : 79;
0e03 : 25;
0e04 : af;
0e05 : 2d;
0e06 : dc;
0e07 : 28;
0e08 : 1d;
0e09 : 5e;
0e0a : 28;
0e0b : 1c;
0e0c : ca;
0e0d : 8d;
0e0e : 10;
0e0f : df;
0e10 : 86;
0e11 : 4d;
0e12 : a0;
0e13 : a8;
0e14 : cf;
0e15 : a7;
0e16 : ee;
0e17 : e4;
0e18 : c8;
0e19 : f4;
0e1a : 40;
0e1b : 3d;
0e1c : c4;
0e1d : bc;
0e1e : f0;
0e1f : 1b;
0e20 : 7b;
0e21 : 5c;
0e22 : 31;
0e23 : 7f;
0e24 : 69;
0e25 : 8e;
0e26 : fa;
0e27 : 93;
0e28 : 5c;
0e29 : 2a;
0e2a : 7d;
0e2b : fa;
0e2c : 02;
0e2d : 9e;
0e2e : 00;
0e2f : 93;
0e30 : 0e;
0e31 : 6b;
0e32 : a0;
0e33 : 54;
0e34 : dd;
0e35 : f3;
0e36 : 56;
0e37 : a5;
0e38 : b3;
0e39 : a4;
0e3a : 8e;
0e3b : 36;
0e3c : d9;
0e3d : c5;
0e3e : 80;
0e3f : 44;
0e40 : f5;
0e41 : e5;
0e42 : d0;
0e43 : db;
0e44 : fa;
0e45 : 95;
0e46 : 67;
0e47 : 25;
0e48 : 71;
0e49 : 2e;
0e4a : 6e;
0e4b : c7;
0e4c : 17;
0e4d : 7a;
0e4e : 94;
0e4f : e2;
0e50 : 73;
0e51 : 66;
0e52 : b0;
0e53 : b3;
0e54 : 7b;
0e55 : 04;
0e56 : ef;
0e57 : 8a;
0e58 : aa;
0e59 : c9;
0e5a : 24;
0e5b : 83;
0e5c : 7e;
0e5d : e4;
0e5e : 03;
0e5f : ea;
0e60 : 0c;
0e61 : 75;
0e62 : 23;
0e63 : 3b;
0e64 : 94;
0e65 : 57;
0e66 : 30;
0e67 : bb;
0e68 : 51;
0e69 : 45;
0e6a : f5;
0e6b : 4d;
0e6c : 05;
0e6d : 48;
0e6e : 9e;
0e6f : 2d;
0e70 : 45;
0e71 : 0b;
0e72 : 6b;
0e73 : fe;
0e74 : 30;
0e75 : 44;
0e76 : 96;
0e77 : 27;
0e78 : 63;
0e79 : f2;
0e7a : 06;
0e7b : d2;
0e7c : e6;
0e7d : 86;
0e7e : ed;
0e7f : 1d;
0e80 : 15;
0e81 : 46;
0e82 : 83;
0e83 : e1;
0e84 : 75;
0e85 : 3c;
0e86 : fc;
0e87 : aa;
0e88 : 63;
0e89 : 24;
0e8a : 39;
0e8b : f5;
0e8c : 6d;
0e8d : 00;
0e8e : 4e;
0e8f : 5d;
0e90 : 79;
0e91 : 63;
0e92 : ce;
0e93 : eb;
0e94 : 51;
0e95 : f6;
0e96 : c7;
0e97 : cb;
0e98 : e2;
0e99 : 07;
0e9a : 6b;
0e9b : 8c;
0e9c : 6f;
0e9d : 1e;
0e9e : cf;
0e9f : 2e;
0ea0 : 53;
0ea1 : d7;
0ea2 : e2;
0ea3 : 8f;
0ea4 : dc;
0ea5 : 36;
0ea6 : d0;
0ea7 : f1;
0ea8 : d1;
0ea9 : b0;
0eaa : 18;
0eab : 23;
0eac : 89;
0ead : ae;
0eae : 06;
0eaf : 0a;
0eb0 : a1;
0eb1 : 96;
0eb2 : 1c;
0eb3 : fd;
0eb4 : 73;
0eb5 : 7f;
0eb6 : 77;
0eb7 : d2;
0eb8 : 20;
0eb9 : ef;
0eba : f5;
0ebb : e5;
0ebc : ee;
0ebd : b2;
0ebe : f5;
0ebf : f9;
0ec0 : bb;
0ec1 : 66;
0ec2 : 59;
0ec3 : 61;
0ec4 : f5;
0ec5 : 23;
0ec6 : 47;
0ec7 : 41;
0ec8 : 04;
0ec9 : 80;
0eca : d1;
0ecb : 38;
0ecc : b2;
0ecd : d2;
0ece : d4;
0ecf : 21;
0ed0 : 67;
0ed1 : 67;
0ed2 : 86;
0ed3 : c7;
0ed4 : 40;
0ed5 : bd;
0ed6 : 89;
0ed7 : d2;
0ed8 : 96;
0ed9 : 8f;
0eda : b9;
0edb : 6c;
0edc : 77;
0edd : 1d;
0ede : 3f;
0edf : 84;
0ee0 : 7e;
0ee1 : 96;
0ee2 : f4;
0ee3 : 7f;
0ee4 : fc;
0ee5 : f6;
0ee6 : 1d;
0ee7 : 8a;
0ee8 : 14;
0ee9 : 72;
0eea : af;
0eeb : 7e;
0eec : 5b;
0eed : b5;
0eee : 00;
0eef : 2b;
0ef0 : fe;
0ef1 : 9a;
0ef2 : 20;
0ef3 : c1;
0ef4 : 70;
0ef5 : e4;
0ef6 : 53;
0ef7 : 08;
0ef8 : 1f;
0ef9 : d5;
0efa : f9;
0efb : e8;
0efc : 3a;
0efd : a3;
0efe : d8;
0eff : 3b;
0f00 : 6f;
0f01 : 84;
0f02 : 36;
0f03 : 7b;
0f04 : 06;
0f05 : 47;
0f06 : d9;
0f07 : ed;
0f08 : 07;
0f09 : 6d;
0f0a : a9;
0f0b : eb;
0f0c : 23;
0f0d : f3;
0f0e : c9;
0f0f : 46;
0f10 : 73;
0f11 : d0;
0f12 : 5e;
0f13 : 05;
0f14 : 78;
0f15 : fa;
0f16 : 62;
0f17 : cb;
0f18 : cc;
0f19 : 6e;
0f1a : 97;
0f1b : 5b;
0f1c : 10;
0f1d : 9b;
0f1e : 95;
0f1f : c2;
0f20 : ce;
0f21 : 6f;
0f22 : 33;
0f23 : f1;
0f24 : 99;
0f25 : 65;
0f26 : ad;
0f27 : 36;
0f28 : 98;
0f29 : 83;
0f2a : 65;
0f2b : e3;
0f2c : 9e;
0f2d : 60;
0f2e : 09;
0f2f : 75;
0f30 : 47;
0f31 : 39;
0f32 : ba;
0f33 : 03;
0f34 : 8c;
0f35 : 66;
0f36 : 24;
0f37 : 35;
0f38 : bc;
0f39 : 0d;
0f3a : 9a;
0f3b : 49;
0f3c : 56;
0f3d : f0;
0f3e : 5a;
0f3f : 19;
0f40 : d4;
0f41 : 4c;
0f42 : e6;
0f43 : 1a;
0f44 : bd;
0f45 : e9;
0f46 : 48;
0f47 : ad;
0f48 : 64;
0f49 : 70;
0f4a : fe;
0f4b : 7a;
0f4c : 27;
0f4d : ca;
0f4e : 98;
0f4f : 1c;
0f50 : 36;
0f51 : 58;
0f52 : 31;
0f53 : 06;
0f54 : 6a;
0f55 : f7;
0f56 : 2f;
0f57 : c0;
0f58 : 07;
0f59 : c7;
0f5a : f4;
0f5b : ea;
0f5c : 92;
0f5d : c5;
0f5e : f1;
0f5f : 31;
0f60 : 51;
0f61 : 2f;
0f62 : 7b;
0f63 : 65;
0f64 : dc;
0f65 : 4a;
0f66 : 1f;
0f67 : e9;
0f68 : 4e;
0f69 : 64;
0f6a : 27;
0f6b : f1;
0f6c : 5e;
0f6d : a8;
0f6e : 8e;
0f6f : 6c;
0f70 : 24;
0f71 : f2;
0f72 : 82;
0f73 : bd;
0f74 : a8;
0f75 : fd;
0f76 : 36;
0f77 : b2;
0f78 : 32;
0f79 : 78;
0f7a : c2;
0f7b : dc;
0f7c : ec;
0f7d : e5;
0f7e : 1e;
0f7f : 9b;
0f80 : b1;
0f81 : 5a;
0f82 : d7;
0f83 : 31;
0f84 : e0;
0f85 : 32;
0f86 : c1;
0f87 : cb;
0f88 : 37;
0f89 : 10;
0f8a : 2c;
0f8b : ee;
0f8c : 3e;
0f8d : 0c;
0f8e : eb;
0f8f : e8;
0f90 : 86;
0f91 : 8f;
0f92 : c8;
0f93 : 22;
0f94 : 66;
0f95 : 87;
0f96 : 9a;
0f97 : 27;
0f98 : ae;
0f99 : 0c;
0f9a : 5a;
0f9b : 18;
0f9c : 68;
0f9d : 75;
0f9e : 40;
0f9f : 08;
0fa0 : ee;
0fa1 : b3;
0fa2 : 79;
0fa3 : cb;
0fa4 : 84;
0fa5 : c7;
0fa6 : 14;
0fa7 : 9d;
0fa8 : f8;
0fa9 : 83;
0faa : 33;
0fab : 36;
0fac : 26;
0fad : de;
0fae : 1f;
0faf : ba;
0fb0 : 90;
0fb1 : 24;
0fb2 : ca;
0fb3 : fc;
0fb4 : d1;
0fb5 : 95;
0fb6 : 86;
0fb7 : 1d;
0fb8 : fc;
0fb9 : e4;
0fba : 36;
0fbb : 9c;
0fbc : 22;
0fbd : 33;
0fbe : 0d;
0fbf : 0e;
0fc0 : 22;
0fc1 : bb;
0fc2 : 4e;
0fc3 : c8;
0fc4 : ad;
0fc5 : c6;
0fc6 : 55;
0fc7 : b8;
0fc8 : 98;
0fc9 : 64;
0fca : f6;
0fcb : 1a;
0fcc : 6b;
0fcd : 32;
0fce : c6;
0fcf : 07;
0fd0 : 13;
0fd1 : e4;
0fd2 : 02;
0fd3 : 1c;
0fd4 : d1;
0fd5 : df;
0fd6 : f5;
0fd7 : 7b;
0fd8 : 7b;
0fd9 : 1c;
0fda : ac;
0fdb : 2d;
0fdc : 83;
0fdd : 69;
0fde : cd;
0fdf : b3;
0fe0 : 08;
0fe1 : d6;
0fe2 : 8c;
0fe3 : 23;
0fe4 : 22;
0fe5 : 85;
0fe6 : 68;
0fe7 : 14;
0fe8 : 95;
0fe9 : b8;
0fea : 81;
0feb : 23;
0fec : 28;
0fed : c5;
0fee : 77;
0fef : b3;
0ff0 : 4c;
0ff1 : 4d;
0ff2 : 4d;
0ff3 : cb;
0ff4 : 0a;
0ff5 : 87;
0ff6 : 36;
0ff7 : e8;
0ff8 : 3d;
0ff9 : af;
0ffa : 7c;
0ffb : 85;
0ffc : b8;
0ffd : 45;
0ffe : 8b;
0fff : 12;
1000 : 67;
1001 : 0e;
1002 : 8b;
1003 : fa;
1004 : 50;
1005 : 02;
1006 : 47;
1007 : 6b;
1008 : 80;
1009 : bf;
100a : 40;
100b : 8e;
100c : ec;
100d : 00;
100e : a8;
100f : 0c;
1010 : 68;
1011 : e6;
1012 : 15;
1013 : 1c;
1014 : 05;
1015 : d5;
1016 : e0;
1017 : 4b;
1018 : c6;
1019 : 6d;
101a : a8;
101b : f7;
101c : aa;
101d : 49;
101e : f2;
101f : ea;
1020 : 33;
1021 : dc;
1022 : 51;
1023 : 6b;
1024 : f8;
1025 : 87;
1026 : a2;
1027 : 4c;
1028 : 2f;
1029 : b2;
102a : a6;
102b : 05;
102c : 7d;
102d : f0;
102e : a1;
102f : 50;
1030 : 01;
1031 : 47;
1032 : 72;
1033 : 64;
1034 : 75;
1035 : 99;
1036 : f8;
1037 : 72;
1038 : 6e;
1039 : 01;
103a : 6a;
103b : 38;
103c : 32;
103d : f1;
103e : 7a;
103f : 97;
1040 : 41;
1041 : ff;
1042 : c3;
1043 : 46;
1044 : 77;
1045 : 05;
1046 : 84;
1047 : 84;
1048 : f5;
1049 : f6;
104a : 31;
104b : 4c;
104c : 6d;
104d : 2a;
104e : 3b;
104f : 77;
1050 : a3;
1051 : ae;
1052 : 53;
1053 : 8f;
1054 : e5;
1055 : a4;
1056 : a5;
1057 : be;
1058 : 08;
1059 : 81;
105a : ef;
105b : 68;
105c : a8;
105d : 7f;
105e : 9b;
105f : d2;
1060 : 1c;
1061 : b9;
1062 : 7b;
1063 : a7;
1064 : 11;
1065 : 96;
1066 : b6;
1067 : 45;
1068 : 4b;
1069 : ca;
106a : 8a;
106b : 05;
106c : f5;
106d : e5;
106e : bd;
106f : c2;
1070 : 2a;
1071 : 54;
1072 : 0f;
1073 : 71;
1074 : fb;
1075 : f2;
1076 : 0f;
1077 : f7;
1078 : 9e;
1079 : 7b;
107a : 9b;
107b : 3b;
107c : 0e;
107d : a0;
107e : 2d;
107f : 23;
1080 : 6d;
1081 : 0b;
1082 : d9;
1083 : 09;
1084 : 10;
1085 : 2d;
1086 : 83;
1087 : 4c;
1088 : d2;
1089 : 58;
108a : 6e;
108b : dd;
108c : ae;
108d : 2c;
108e : 1e;
108f : f6;
1090 : 73;
1091 : 2e;
1092 : 3d;
1093 : 0a;
1094 : e9;
1095 : ae;
1096 : 73;
1097 : 8e;
1098 : a5;
1099 : 80;
109a : d0;
109b : ef;
109c : e5;
109d : ed;
109e : 87;
109f : 03;
10a0 : fe;
10a1 : d4;
10a2 : d2;
10a3 : 79;
10a4 : 9e;
10a5 : 2a;
10a6 : 44;
10a7 : e0;
10a8 : 72;
10a9 : 8e;
10aa : 8e;
10ab : 51;
10ac : f6;
10ad : 40;
10ae : d3;
10af : 7f;
10b0 : da;
10b1 : 0f;
10b2 : 71;
10b3 : f1;
10b4 : 8c;
10b5 : b0;
10b6 : af;
10b7 : 1d;
10b8 : 02;
10b9 : b4;
10ba : e9;
10bb : 82;
10bc : 59;
10bd : 7b;
10be : ae;
10bf : 5c;
10c0 : 44;
10c1 : 9a;
10c2 : 15;
10c3 : f2;
10c4 : 95;
10c5 : 1f;
10c6 : a4;
10c7 : ad;
10c8 : a6;
10c9 : a5;
10ca : 48;
10cb : d6;
10cc : 4b;
10cd : fc;
10ce : ab;
10cf : 95;
10d0 : fe;
10d1 : 68;
10d2 : 53;
10d3 : ea;
10d4 : ba;
10d5 : 8e;
10d6 : d9;
10d7 : b7;
10d8 : b0;
10d9 : 14;
10da : 21;
10db : 15;
10dc : ca;
10dd : 67;
10de : 70;
10df : a0;
10e0 : 60;
10e1 : 8f;
10e2 : 28;
10e3 : a8;
10e4 : bd;
10e5 : c8;
10e6 : 19;
10e7 : e5;
10e8 : 5d;
10e9 : ba;
10ea : 54;
10eb : e4;
10ec : 67;
10ed : d2;
10ee : 60;
10ef : d4;
10f0 : 04;
10f1 : 44;
10f2 : 78;
10f3 : 2c;
10f4 : 15;
10f5 : 7c;
10f6 : a3;
10f7 : 42;
10f8 : be;
10f9 : 4d;
10fa : 01;
10fb : ac;
10fc : 67;
10fd : 2d;
10fe : 96;
10ff : 5e;
1100 : ed;
1101 : 03;
1102 : bf;
1103 : 1b;
1104 : 1d;
1105 : 6e;
1106 : d8;
1107 : ba;
1108 : 99;
1109 : 8b;
110a : 20;
110b : 87;
110c : 4a;
110d : 22;
110e : 98;
110f : 2e;
1110 : 8a;
1111 : 69;
1112 : a4;
1113 : 45;
1114 : 07;
1115 : e3;
1116 : 42;
1117 : 60;
1118 : 9e;
1119 : 25;
111a : 26;
111b : 0b;
111c : 53;
111d : 30;
111e : f3;
111f : 7f;
1120 : f5;
1121 : 52;
1122 : 55;
1123 : ad;
1124 : f0;
1125 : f9;
1126 : 70;
1127 : b1;
1128 : 99;
1129 : ac;
112a : 25;
112b : 8d;
112c : ae;
112d : 81;
112e : 5b;
112f : 86;
1130 : 45;
1131 : 47;
1132 : 54;
1133 : 56;
1134 : c2;
1135 : af;
1136 : 5b;
1137 : 3c;
1138 : df;
1139 : a9;
113a : 01;
113b : 08;
113c : a5;
113d : 31;
113e : 34;
113f : ed;
1140 : c7;
1141 : 61;
1142 : b1;
1143 : e5;
1144 : 01;
1145 : 90;
1146 : 1f;
1147 : dd;
1148 : fd;
1149 : b8;
114a : 84;
114b : 50;
114c : 47;
114d : ed;
114e : 6d;
114f : e8;
1150 : 99;
1151 : fc;
1152 : 9b;
1153 : c2;
1154 : e4;
1155 : c8;
1156 : b2;
1157 : 81;
1158 : 58;
1159 : 88;
115a : 75;
115b : da;
115c : c2;
115d : e1;
115e : 17;
115f : 15;
1160 : fd;
1161 : 71;
1162 : d3;
1163 : a5;
1164 : 19;
1165 : 72;
1166 : f3;
1167 : c1;
1168 : 60;
1169 : f9;
116a : a9;
116b : ee;
116c : a1;
116d : 32;
116e : 47;
116f : 8a;
1170 : f3;
1171 : 37;
1172 : ab;
1173 : 0c;
1174 : 5a;
1175 : 9a;
1176 : 90;
1177 : 5c;
1178 : 78;
1179 : 7d;
117a : 62;
117b : e3;
117c : fd;
117d : e6;
117e : 7e;
117f : 13;
1180 : 85;
1181 : a5;
1182 : 62;
1183 : d2;
1184 : d3;
1185 : 21;
1186 : 0a;
1187 : 7b;
1188 : 01;
1189 : 5c;
118a : 5c;
118b : 93;
118c : 7c;
118d : ea;
118e : 67;
118f : fb;
1190 : 46;
1191 : 5e;
1192 : 50;
1193 : 00;
1194 : 48;
1195 : 03;
1196 : b8;
1197 : 84;
1198 : 6a;
1199 : a1;
119a : a2;
119b : 4e;
119c : e7;
119d : a5;
119e : 3d;
119f : 16;
11a0 : 05;
11a1 : c0;
11a2 : 6f;
11a3 : d4;
11a4 : f6;
11a5 : 00;
11a6 : a0;
11a7 : 5a;
11a8 : 84;
11a9 : 0f;
11aa : 4f;
11ab : 45;
11ac : b6;
11ad : c4;
11ae : fe;
11af : 8c;
11b0 : 0c;
11b1 : 7f;
11b2 : f8;
11b3 : 53;
11b4 : 2f;
11b5 : 97;
11b6 : d2;
11b7 : 1e;
11b8 : b7;
11b9 : 81;
11ba : be;
11bb : 71;
11bc : ab;
11bd : 31;
11be : 97;
11bf : b5;
11c0 : c3;
11c1 : 21;
11c2 : b6;
11c3 : a1;
11c4 : 49;
11c5 : 71;
11c6 : 16;
11c7 : 26;
11c8 : 50;
11c9 : 8d;
11ca : c9;
11cb : ae;
11cc : 8a;
11cd : 92;
11ce : a8;
11cf : 4e;
11d0 : bd;
11d1 : 54;
11d2 : da;
11d3 : 69;
11d4 : 5f;
11d5 : dd;
11d6 : 25;
11d7 : 12;
11d8 : a2;
11d9 : c0;
11da : c5;
11db : 85;
11dc : bd;
11dd : ea;
11de : 34;
11df : aa;
11e0 : 14;
11e1 : eb;
11e2 : af;
11e3 : 13;
11e4 : 87;
11e5 : 99;
11e6 : 45;
11e7 : 15;
11e8 : f0;
11e9 : 08;
11ea : 36;
11eb : 23;
11ec : b9;
11ed : e7;
11ee : 93;
11ef : bd;
11f0 : 49;
11f1 : ea;
11f2 : c3;
11f3 : ae;
11f4 : 45;
11f5 : 93;
11f6 : 2b;
11f7 : 79;
11f8 : bd;
11f9 : bd;
11fa : 73;
11fb : f9;
11fc : ae;
11fd : e9;
11fe : 2e;
11ff : b9;
1200 : c7;
1201 : fa;
1202 : aa;
1203 : a3;
1204 : 2d;
1205 : 50;
1206 : 2f;
1207 : ac;
1208 : e6;
1209 : 07;
120a : 69;
120b : f9;
120c : 6a;
120d : 7e;
120e : 84;
120f : 87;
1210 : d8;
1211 : 33;
1212 : d6;
1213 : 92;
1214 : 33;
1215 : 0b;
1216 : 54;
1217 : ef;
1218 : 61;
1219 : ee;
121a : c8;
121b : 76;
121c : 4d;
121d : 01;
121e : 59;
121f : 3c;
1220 : 19;
1221 : 86;
1222 : 38;
1223 : e5;
1224 : 31;
1225 : 8f;
1226 : fd;
1227 : 42;
1228 : d5;
1229 : 06;
122a : e8;
122b : fe;
122c : 60;
122d : 8d;
122e : bd;
122f : d6;
1230 : f5;
1231 : 29;
1232 : 0a;
1233 : 87;
1234 : 7a;
1235 : 66;
1236 : 71;
1237 : d4;
1238 : 30;
1239 : 89;
123a : cd;
123b : 26;
123c : af;
123d : 53;
123e : 4a;
123f : 45;
1240 : 7d;
1241 : 3d;
1242 : 99;
1243 : 08;
1244 : a3;
1245 : ea;
1246 : 44;
1247 : 70;
1248 : f2;
1249 : fa;
124a : d8;
124b : 9d;
124c : 36;
124d : 45;
124e : 3a;
124f : 62;
1250 : 96;
1251 : 18;
1252 : 9a;
1253 : 74;
1254 : 10;
1255 : cb;
1256 : 4b;
1257 : 38;
1258 : 12;
1259 : 1f;
125a : 13;
125b : 38;
125c : 3f;
125d : 83;
125e : 70;
125f : 8e;
1260 : 84;
1261 : 5d;
1262 : 54;
1263 : 1b;
1264 : 36;
1265 : 14;
1266 : 42;
1267 : ad;
1268 : 21;
1269 : 70;
126a : 90;
126b : 54;
126c : 0f;
126d : 4a;
126e : a3;
126f : 0a;
1270 : 23;
1271 : 17;
1272 : d8;
1273 : 81;
1274 : 67;
1275 : e5;
1276 : b3;
1277 : 7c;
1278 : a8;
1279 : 62;
127a : 46;
127b : 5d;
127c : 3e;
127d : fe;
127e : 64;
127f : be;
1280 : 1c;
1281 : 8e;
1282 : 99;
1283 : 92;
1284 : 79;
1285 : 4c;
1286 : ad;
1287 : bf;
1288 : 5e;
1289 : e2;
128a : 37;
128b : 06;
128c : 6a;
128d : 23;
128e : 97;
128f : 84;
1290 : 82;
1291 : 1c;
1292 : 11;
1293 : 12;
1294 : 7e;
1295 : 80;
1296 : 92;
1297 : 0e;
1298 : b2;
1299 : 58;
129a : cd;
129b : 02;
129c : 2a;
129d : f9;
129e : 5a;
129f : 07;
12a0 : 75;
12a1 : 7d;
12a2 : e4;
12a3 : 89;
12a4 : e1;
12a5 : 52;
12a6 : 4b;
12a7 : 6d;
12a8 : 8f;
12a9 : ea;
12aa : a8;
12ab : ff;
12ac : 16;
12ad : 6c;
12ae : ee;
12af : 75;
12b0 : da;
12b1 : 73;
12b2 : 84;
12b3 : 31;
12b4 : b6;
12b5 : 6d;
12b6 : f6;
12b7 : 96;
12b8 : 50;
12b9 : 9b;
12ba : 77;
12bb : cc;
12bc : 78;
12bd : dc;
12be : fd;
12bf : 90;
12c0 : 27;
12c1 : 6d;
12c2 : 97;
12c3 : 62;
12c4 : 64;
12c5 : c6;
12c6 : 21;
12c7 : 60;
12c8 : bc;
12c9 : 25;
12ca : 4c;
12cb : 12;
12cc : 68;
12cd : ce;
12ce : 17;
12cf : 90;
12d0 : b5;
12d1 : 2e;
12d2 : c2;
12d3 : 89;
12d4 : 9e;
12d5 : 09;
12d6 : ba;
12d7 : bb;
12d8 : 33;
12d9 : 3f;
12da : 13;
12db : 4e;
12dc : ee;
12dd : 7e;
12de : c0;
12df : 76;
12e0 : 6e;
12e1 : c3;
12e2 : f0;
12e3 : 5a;
12e4 : 7d;
12e5 : 43;
12e6 : d0;
12e7 : b8;
12e8 : bd;
12e9 : b1;
12ea : ba;
12eb : dd;
12ec : f1;
12ed : 8f;
12ee : 63;
12ef : 0f;
12f0 : 14;
12f1 : 74;
12f2 : 01;
12f3 : e3;
12f4 : 0a;
12f5 : 88;
12f6 : ef;
12f7 : b6;
12f8 : 1d;
12f9 : f0;
12fa : 0e;
12fb : 1a;
12fc : 75;
12fd : 98;
12fe : 7e;
12ff : db;
1300 : 5c;
1301 : 6d;
1302 : 99;
1303 : 36;
1304 : fb;
1305 : 89;
1306 : 96;
1307 : 64;
1308 : 7d;
1309 : 06;
130a : 6a;
130b : cd;
130c : 04;
130d : c9;
130e : 99;
130f : ad;
1310 : a0;
1311 : be;
1312 : 1a;
1313 : 1b;
1314 : 38;
1315 : 2b;
1316 : 25;
1317 : fa;
1318 : ea;
1319 : ff;
131a : e9;
131b : 2b;
131c : 63;
131d : 40;
131e : e9;
131f : 34;
1320 : 82;
1321 : a7;
1322 : ee;
1323 : 45;
1324 : dd;
1325 : 2a;
1326 : ea;
1327 : b0;
1328 : c0;
1329 : 8a;
132a : ae;
132b : ee;
132c : 42;
132d : 8c;
132e : a4;
132f : 7f;
1330 : 16;
1331 : 4e;
1332 : 31;
1333 : 3a;
1334 : 01;
1335 : fd;
1336 : 54;
1337 : 4f;
1338 : 70;
1339 : ba;
133a : 8c;
133b : 02;
133c : bc;
133d : 6e;
133e : 20;
133f : fe;
1340 : 7a;
1341 : e4;
1342 : 6e;
1343 : 11;
1344 : 65;
1345 : 32;
1346 : 6e;
1347 : 43;
1348 : ba;
1349 : 0a;
134a : 4e;
134b : b5;
134c : bc;
134d : c8;
134e : 34;
134f : a6;
1350 : dd;
1351 : 86;
1352 : 6f;
1353 : 0a;
1354 : 36;
1355 : 0d;
1356 : ea;
1357 : af;
1358 : 0f;
1359 : 3c;
135a : e7;
135b : b5;
135c : 2e;
135d : c0;
135e : 8c;
135f : 76;
1360 : a3;
1361 : 3d;
1362 : 5f;
1363 : 60;
1364 : a1;
1365 : 6c;
1366 : 77;
1367 : 70;
1368 : 6d;
1369 : b7;
136a : 27;
136b : 78;
136c : aa;
136d : 4b;
136e : 43;
136f : 9f;
1370 : f6;
1371 : 98;
1372 : a2;
1373 : 24;
1374 : d3;
1375 : e9;
1376 : 1b;
1377 : fb;
1378 : 13;
1379 : 74;
137a : 70;
137b : dc;
137c : 47;
137d : 3d;
137e : d3;
137f : c3;
1380 : 04;
1381 : 7e;
1382 : 39;
1383 : a4;
1384 : 70;
1385 : ff;
1386 : c7;
1387 : 48;
1388 : 50;
1389 : fd;
138a : 68;
138b : e4;
138c : 10;
138d : cb;
138e : 7c;
138f : 90;
1390 : e9;
1391 : a7;
1392 : 75;
1393 : e0;
1394 : dc;
1395 : db;
1396 : 7d;
1397 : fc;
1398 : 11;
1399 : d1;
139a : 08;
139b : db;
139c : a1;
139d : 04;
139e : 94;
139f : af;
13a0 : 07;
13a1 : 52;
13a2 : 96;
13a3 : 7c;
13a4 : 5c;
13a5 : e0;
13a6 : b1;
13a7 : f6;
13a8 : bc;
13a9 : 7f;
13aa : 06;
13ab : a7;
13ac : e4;
13ad : af;
13ae : 13;
13af : f5;
13b0 : 99;
13b1 : 60;
13b2 : 25;
13b3 : d5;
13b4 : ca;
13b5 : ad;
13b6 : 43;
13b7 : ff;
13b8 : d2;
13b9 : d6;
13ba : c8;
13bb : 9b;
13bc : ef;
13bd : ce;
13be : 95;
13bf : f5;
13c0 : 2a;
13c1 : c5;
13c2 : 6c;
13c3 : 87;
13c4 : ba;
13c5 : 00;
13c6 : 5e;
13c7 : 14;
13c8 : 31;
13c9 : a1;
13ca : 6d;
13cb : c6;
13cc : 6b;
13cd : 13;
13ce : ca;
13cf : 56;
13d0 : 2e;
13d1 : 48;
13d2 : 02;
13d3 : 3b;
13d4 : 6e;
13d5 : 77;
13d6 : 52;
13d7 : 54;
13d8 : 10;
13d9 : 32;
13da : 00;
13db : 43;
13dc : 58;
13dd : c8;
13de : 59;
13df : 22;
13e0 : 04;
13e1 : 9c;
13e2 : 1a;
13e3 : 47;
13e4 : 8a;
13e5 : 2d;
13e6 : 21;
13e7 : f1;
13e8 : 1a;
13e9 : af;
13ea : d3;
13eb : 82;
13ec : a1;
13ed : 11;
13ee : c7;
13ef : c9;
13f0 : b2;
13f1 : f1;
13f2 : ac;
13f3 : 22;
13f4 : 62;
13f5 : 41;
13f6 : db;
13f7 : 85;
13f8 : c9;
13f9 : 04;
13fa : b1;
13fb : 7c;
13fc : 8e;
13fd : e9;
13fe : 70;
13ff : 5c;
1400 : 84;
1401 : ae;
1402 : 51;
1403 : 78;
1404 : 8d;
1405 : f7;
1406 : 6f;
1407 : 62;
1408 : 5c;
1409 : f0;
140a : d1;
140b : b7;
140c : 5f;
140d : 66;
140e : 91;
140f : 83;
1410 : b9;
1411 : df;
1412 : d0;
1413 : 1e;
1414 : 9b;
1415 : c0;
1416 : 4f;
1417 : b5;
1418 : bf;
1419 : 05;
141a : b4;
141b : 2a;
141c : 22;
141d : f4;
141e : 44;
141f : ea;
1420 : 02;
1421 : cc;
1422 : 8d;
1423 : 5f;
1424 : 92;
1425 : 65;
1426 : 6b;
1427 : da;
1428 : 99;
1429 : d5;
142a : c5;
142b : 74;
142c : bf;
142d : f2;
142e : 12;
142f : ed;
1430 : 0f;
1431 : 39;
1432 : f6;
1433 : e2;
1434 : 46;
1435 : 14;
1436 : 5f;
1437 : d7;
1438 : 81;
1439 : b8;
143a : 34;
143b : 9f;
143c : 0f;
143d : 37;
143e : 2b;
143f : 07;
1440 : 69;
1441 : 6f;
1442 : 75;
1443 : 8f;
1444 : 02;
1445 : af;
1446 : af;
1447 : 64;
1448 : a3;
1449 : b6;
144a : bd;
144b : eb;
144c : 80;
144d : d8;
144e : 29;
144f : 61;
1450 : 2a;
1451 : b4;
1452 : fd;
1453 : 22;
1454 : a7;
1455 : 87;
1456 : 53;
1457 : 27;
1458 : 2d;
1459 : c2;
145a : d7;
145b : e7;
145c : 02;
145d : 94;
145e : 3a;
145f : dd;
1460 : 7e;
1461 : a4;
1462 : df;
1463 : 35;
1464 : c6;
1465 : 27;
1466 : dc;
1467 : b6;
1468 : 46;
1469 : 3b;
146a : df;
146b : 83;
146c : 38;
146d : 23;
146e : bd;
146f : b7;
1470 : c5;
1471 : a9;
1472 : 33;
1473 : ea;
1474 : fb;
1475 : 8e;
1476 : ee;
1477 : 5b;
1478 : a0;
1479 : 65;
147a : 04;
147b : 34;
147c : c5;
147d : ea;
147e : 0a;
147f : 88;
1480 : 68;
1481 : 3b;
1482 : b1;
1483 : 5a;
1484 : a3;
1485 : a3;
1486 : 28;
1487 : be;
1488 : e9;
1489 : 74;
148a : 9e;
148b : 7d;
148c : a2;
148d : 55;
148e : a3;
148f : 87;
1490 : 75;
1491 : a7;
1492 : de;
1493 : b7;
1494 : 13;
1495 : 7f;
1496 : c3;
1497 : 0f;
1498 : e2;
1499 : eb;
149a : 00;
149b : 9b;
149c : f4;
149d : 2e;
149e : 2f;
149f : f1;
14a0 : 05;
14a1 : b3;
14a2 : d6;
14a3 : 95;
14a4 : 39;
14a5 : a0;
14a6 : 29;
14a7 : 5c;
14a8 : 9c;
14a9 : 25;
14aa : 2a;
14ab : 33;
14ac : ef;
14ad : 37;
14ae : 89;
14af : dd;
14b0 : 0f;
14b1 : e1;
14b2 : 4a;
14b3 : dd;
14b4 : 19;
14b5 : c2;
14b6 : 65;
14b7 : e5;
14b8 : 51;
14b9 : de;
14ba : 9b;
14bb : 4d;
14bc : b5;
14bd : dc;
14be : c0;
14bf : 3b;
14c0 : 7e;
14c1 : b3;
14c2 : 47;
14c3 : b9;
14c4 : a7;
14c5 : fd;
14c6 : 29;
14c7 : bd;
14c8 : 97;
14c9 : c5;
14ca : 2e;
14cb : df;
14cc : 95;
14cd : fd;
14ce : fe;
14cf : eb;
14d0 : 8c;
14d1 : b1;
14d2 : 8b;
14d3 : cd;
14d4 : f8;
14d5 : 9b;
14d6 : d2;
14d7 : 7d;
14d8 : ac;
14d9 : fb;
14da : 52;
14db : 19;
14dc : 5f;
14dd : ec;
14de : e7;
14df : f0;
14e0 : 46;
14e1 : 3f;
14e2 : 0d;
14e3 : 41;
14e4 : 36;
14e5 : 51;
14e6 : f9;
14e7 : 04;
14e8 : 25;
14e9 : 07;
14ea : 0e;
14eb : d1;
14ec : e7;
14ed : db;
14ee : 6a;
14ef : 94;
14f0 : 44;
14f1 : f7;
14f2 : fa;
14f3 : cc;
14f4 : fc;
14f5 : 13;
14f6 : da;
14f7 : 49;
14f8 : 6f;
14f9 : da;
14fa : 0f;
14fb : d3;
14fc : 62;
14fd : 9f;
14fe : 32;
14ff : 66;
1500 : 5b;
1501 : fb;
1502 : 00;
1503 : c5;
1504 : 4d;
1505 : 73;
1506 : 8f;
1507 : c7;
1508 : 05;
1509 : f6;
150a : a5;
150b : e5;
150c : ec;
150d : 55;
150e : d4;
150f : 79;
1510 : 96;
1511 : 5b;
1512 : 72;
1513 : f8;
1514 : 23;
1515 : 1f;
1516 : 34;
1517 : 8d;
1518 : 0a;
1519 : d5;
151a : 26;
151b : 95;
151c : 20;
151d : 67;
151e : 99;
151f : 25;
1520 : 3c;
1521 : 88;
1522 : e9;
1523 : d2;
1524 : 6f;
1525 : ca;
1526 : 77;
1527 : 06;
1528 : 67;
1529 : 87;
152a : f3;
152b : 34;
152c : fa;
152d : c7;
152e : 94;
152f : ef;
1530 : 19;
1531 : 61;
1532 : 05;
1533 : f8;
1534 : b5;
1535 : f9;
1536 : b0;
1537 : 10;
1538 : bc;
1539 : 13;
153a : 05;
153b : 61;
153c : fe;
153d : 9b;
153e : bb;
153f : a0;
1540 : a0;
1541 : bf;
1542 : 45;
1543 : f3;
1544 : f8;
1545 : 9d;
1546 : 3b;
1547 : c8;
1548 : bc;
1549 : 99;
154a : 4d;
154b : dc;
154c : fc;
154d : c4;
154e : c6;
154f : 9a;
1550 : 19;
1551 : 4f;
1552 : e3;
1553 : 18;
1554 : c8;
1555 : d7;
1556 : fd;
1557 : c0;
1558 : fe;
1559 : c4;
155a : 6a;
155b : 16;
155c : f6;
155d : 5e;
155e : 6d;
155f : 97;
1560 : 42;
1561 : aa;
1562 : fc;
1563 : 0d;
1564 : 5f;
1565 : 38;
1566 : 05;
1567 : f7;
1568 : 8b;
1569 : 54;
156a : 01;
156b : 6a;
156c : 5d;
156d : 47;
156e : c2;
156f : 2b;
1570 : 20;
1571 : 84;
1572 : 33;
1573 : 3f;
1574 : 86;
1575 : c3;
1576 : 8c;
1577 : 08;
1578 : fc;
1579 : ae;
157a : 31;
157b : d0;
157c : b7;
157d : fc;
157e : f9;
157f : 44;
1580 : eb;
1581 : e5;
1582 : a7;
1583 : cc;
1584 : 75;
1585 : a6;
1586 : cf;
1587 : a3;
1588 : c5;
1589 : bd;
158a : 17;
158b : 7e;
158c : 6e;
158d : 7c;
158e : 9a;
158f : e0;
1590 : 08;
1591 : 0c;
1592 : e2;
1593 : 88;
1594 : 95;
1595 : 92;
1596 : 3f;
1597 : 4a;
1598 : c4;
1599 : 59;
159a : 30;
159b : c2;
159c : 3f;
159d : fd;
159e : c5;
159f : 1f;
15a0 : cf;
15a1 : 95;
15a2 : 65;
15a3 : 4f;
15a4 : 58;
15a5 : bc;
15a6 : 98;
15a7 : fb;
15a8 : 20;
15a9 : 2a;
15aa : 2e;
15ab : 3b;
15ac : 49;
15ad : 1b;
15ae : 08;
15af : f7;
15b0 : 71;
15b1 : 40;
15b2 : 16;
15b3 : cc;
15b4 : f4;
15b5 : d6;
15b6 : 09;
15b7 : df;
15b8 : 7e;
15b9 : 94;
15ba : cb;
15bb : 9b;
15bc : 85;
15bd : ea;
15be : 4a;
15bf : 50;
15c0 : 37;
15c1 : 92;
15c2 : 93;
15c3 : 54;
15c4 : ab;
15c5 : e2;
15c6 : 9a;
15c7 : a5;
15c8 : 2b;
15c9 : 51;
15ca : 74;
15cb : e5;
15cc : 66;
15cd : 01;
15ce : 4b;
15cf : 8d;
15d0 : 3b;
15d1 : a1;
15d2 : ec;
15d3 : 1a;
15d4 : f9;
15d5 : b1;
15d6 : 93;
15d7 : d0;
15d8 : 75;
15d9 : b1;
15da : 8c;
15db : 49;
15dc : a2;
15dd : 15;
15de : f6;
15df : 17;
15e0 : 09;
15e1 : c5;
15e2 : 19;
15e3 : 54;
15e4 : ba;
15e5 : a3;
15e6 : 63;
15e7 : 2d;
15e8 : c4;
15e9 : 5d;
15ea : dd;
15eb : 23;
15ec : 67;
15ed : 10;
15ee : d3;
15ef : 9b;
15f0 : 06;
15f1 : d6;
15f2 : bb;
15f3 : 26;
15f4 : b3;
15f5 : 33;
15f6 : b1;
15f7 : 48;
15f8 : 89;
15f9 : 52;
15fa : 77;
15fb : d7;
15fc : bc;
15fd : 32;
15fe : b7;
15ff : 55;
1600 : b1;
1601 : 5d;
1602 : 4b;
1603 : dc;
1604 : f1;
1605 : c3;
1606 : d9;
1607 : 84;
1608 : 7b;
1609 : df;
160a : 65;
160b : d7;
160c : a3;
160d : e8;
160e : 1e;
160f : d9;
1610 : 3e;
1611 : c9;
1612 : f8;
1613 : dd;
1614 : a0;
1615 : d8;
1616 : 00;
1617 : 41;
1618 : 07;
1619 : 57;
161a : 8c;
161b : bf;
161c : eb;
161d : 1c;
161e : b9;
161f : b8;
1620 : 45;
1621 : 38;
1622 : 3a;
1623 : 2d;
1624 : 3f;
1625 : 18;
1626 : 37;
1627 : 28;
1628 : 31;
1629 : 13;
162a : 3a;
162b : 29;
162c : 8b;
162d : 78;
162e : ea;
162f : 41;
1630 : 97;
1631 : b0;
1632 : b2;
1633 : 43;
1634 : 33;
1635 : 92;
1636 : 71;
1637 : 09;
1638 : 76;
1639 : 2f;
163a : fc;
163b : a5;
163c : c0;
163d : 05;
163e : 46;
163f : 2c;
1640 : 49;
1641 : 94;
1642 : 59;
1643 : 72;
1644 : 95;
1645 : 12;
1646 : 54;
1647 : d2;
1648 : ba;
1649 : 0d;
164a : 1b;
164b : 3e;
164c : 05;
164d : e5;
164e : 48;
164f : 99;
1650 : f9;
1651 : be;
1652 : 44;
1653 : d7;
1654 : 10;
1655 : 9c;
1656 : f1;
1657 : c1;
1658 : 6e;
1659 : c0;
165a : af;
165b : 47;
165c : 00;
165d : cf;
165e : a3;
165f : 20;
1660 : 72;
1661 : c7;
1662 : a5;
1663 : 09;
1664 : b2;
1665 : e2;
1666 : 41;
1667 : cc;
1668 : b0;
1669 : f9;
166a : f8;
166b : d9;
166c : b2;
166d : 00;
166e : ea;
166f : d1;
1670 : 7f;
1671 : c2;
1672 : 52;
1673 : 0a;
1674 : f6;
1675 : 2f;
1676 : e5;
1677 : f5;
1678 : 03;
1679 : 63;
167a : ad;
167b : 6d;
167c : f1;
167d : f1;
167e : 7b;
167f : e8;
1680 : 2d;
1681 : 6a;
1682 : d5;
1683 : 24;
1684 : 65;
1685 : 7a;
1686 : a3;
1687 : 67;
1688 : a0;
1689 : 89;
168a : ae;
168b : 02;
168c : b5;
168d : 43;
168e : 14;
168f : 6e;
1690 : ed;
1691 : 4d;
1692 : aa;
1693 : c5;
1694 : 84;
1695 : 8d;
1696 : a2;
1697 : 2d;
1698 : d4;
1699 : 1d;
169a : bd;
169b : dd;
169c : 7f;
169d : 1b;
169e : de;
169f : 1f;
16a0 : 06;
16a1 : 3e;
16a2 : b3;
16a3 : 20;
16a4 : c9;
16a5 : 2c;
16a6 : 22;
16a7 : b2;
16a8 : 90;
16a9 : 18;
16aa : ec;
16ab : 6f;
16ac : 84;
16ad : 09;
16ae : d1;
16af : ff;
16b0 : 57;
16b1 : 9b;
16b2 : 9f;
16b3 : d9;
16b4 : 0e;
16b5 : 4d;
16b6 : 7e;
16b7 : 20;
16b8 : fb;
16b9 : 8f;
16ba : 11;
16bb : a8;
16bc : f7;
16bd : d4;
16be : 11;
16bf : 54;
16c0 : d9;
16c1 : 2e;
16c2 : de;
16c3 : 48;
16c4 : 30;
16c5 : 80;
16c6 : ba;
16c7 : bb;
16c8 : 31;
16c9 : 69;
16ca : 69;
16cb : 64;
16cc : ba;
16cd : 82;
16ce : 8e;
16cf : cb;
16d0 : e9;
16d1 : d7;
16d2 : 66;
16d3 : cc;
16d4 : e7;
16d5 : 56;
16d6 : fe;
16d7 : 5d;
16d8 : 7e;
16d9 : 5c;
16da : c4;
16db : 9e;
16dc : 1f;
16dd : 99;
16de : 4f;
16df : 96;
16e0 : 82;
16e1 : b3;
16e2 : 88;
16e3 : ff;
16e4 : bc;
16e5 : 04;
16e6 : c5;
16e7 : 76;
16e8 : c3;
16e9 : d3;
16ea : 11;
16eb : 37;
16ec : eb;
16ed : 20;
16ee : bd;
16ef : 33;
16f0 : b6;
16f1 : 7b;
16f2 : 30;
16f3 : 19;
16f4 : b4;
16f5 : ac;
16f6 : b8;
16f7 : 3e;
16f8 : 07;
16f9 : b7;
16fa : a3;
16fb : aa;
16fc : 38;
16fd : 03;
16fe : be;
16ff : ff;
1700 : 71;
1701 : 6b;
1702 : 62;
1703 : 39;
1704 : 50;
1705 : b0;
1706 : fd;
1707 : da;
1708 : 9c;
1709 : 13;
170a : 48;
170b : 5d;
170c : bc;
170d : 55;
170e : c9;
170f : 54;
1710 : d0;
1711 : 98;
1712 : d2;
1713 : 19;
1714 : e0;
1715 : 06;
1716 : 09;
1717 : b8;
1718 : ca;
1719 : 5b;
171a : cb;
171b : ec;
171c : f8;
171d : 2d;
171e : e7;
171f : 9c;
1720 : 82;
1721 : 19;
1722 : 87;
1723 : 78;
1724 : fc;
1725 : 01;
1726 : 32;
1727 : e1;
1728 : 4f;
1729 : 8e;
172a : 21;
172b : 74;
172c : 4b;
172d : b3;
172e : 8d;
172f : bf;
1730 : 40;
1731 : 8e;
1732 : 7f;
1733 : dc;
1734 : aa;
1735 : 81;
1736 : a8;
1737 : 90;
1738 : ee;
1739 : 9c;
173a : b4;
173b : 25;
173c : d9;
173d : 13;
173e : 79;
173f : 36;
1740 : a6;
1741 : 7a;
1742 : 6d;
1743 : e1;
1744 : 77;
1745 : 1a;
1746 : 9c;
1747 : 33;
1748 : 2d;
1749 : 2b;
174a : 3c;
174b : 91;
174c : e1;
174d : 04;
174e : eb;
174f : ff;
1750 : f2;
1751 : d4;
1752 : 59;
1753 : 3c;
1754 : 37;
1755 : f6;
1756 : bd;
1757 : 3b;
1758 : ac;
1759 : 65;
175a : 8a;
175b : 58;
175c : 68;
175d : ec;
175e : 3a;
175f : 53;
1760 : e3;
1761 : 80;
1762 : da;
1763 : af;
1764 : fd;
1765 : fe;
1766 : 11;
1767 : ba;
1768 : 8a;
1769 : fa;
176a : 4c;
176b : e8;
176c : 96;
176d : 66;
176e : 53;
176f : 84;
1770 : b4;
1771 : a2;
1772 : fb;
1773 : 0a;
1774 : 35;
1775 : 35;
1776 : c6;
1777 : 28;
1778 : 1e;
1779 : ec;
177a : 5e;
177b : 72;
177c : 2c;
177d : f5;
177e : e6;
177f : d3;
1780 : fd;
1781 : a8;
1782 : 3d;
1783 : 2a;
1784 : d2;
1785 : 57;
1786 : 9b;
1787 : d1;
1788 : e3;
1789 : 63;
178a : 05;
178b : f3;
178c : 9b;
178d : 30;
178e : 77;
178f : ea;
1790 : 60;
1791 : 99;
1792 : 94;
1793 : af;
1794 : 0c;
1795 : 3c;
1796 : ec;
1797 : 3c;
1798 : 1b;
1799 : d4;
179a : de;
179b : 7e;
179c : 8b;
179d : 25;
179e : 35;
179f : 9e;
17a0 : cb;
17a1 : 14;
17a2 : 64;
17a3 : 94;
17a4 : 84;
17a5 : 68;
17a6 : 63;
17a7 : 88;
17a8 : a1;
17a9 : 9b;
17aa : 9e;
17ab : f6;
17ac : ab;
17ad : 3a;
17ae : 8b;
17af : dc;
17b0 : c6;
17b1 : 26;
17b2 : a2;
17b3 : cd;
17b4 : ce;
17b5 : 70;
17b6 : 13;
17b7 : ec;
17b8 : 88;
17b9 : 6b;
17ba : 9d;
17bb : 80;
17bc : 40;
17bd : c9;
17be : ac;
17bf : d9;
17c0 : de;
17c1 : 7d;
17c2 : 00;
17c3 : ac;
17c4 : c1;
17c5 : a4;
17c6 : dc;
17c7 : 82;
17c8 : 01;
17c9 : 58;
17ca : 2d;
17cb : 22;
17cc : f2;
17cd : f4;
17ce : c9;
17cf : 2c;
17d0 : 5a;
17d1 : f6;
17d2 : 1b;
17d3 : 1f;
17d4 : 8f;
17d5 : ca;
17d6 : 94;
17d7 : 24;
17d8 : 6d;
17d9 : e5;
17da : 30;
17db : 97;
17dc : c2;
17dd : ba;
17de : 87;
17df : 1b;
17e0 : 7e;
17e1 : 56;
17e2 : 5f;
17e3 : be;
17e4 : 41;
17e5 : e7;
17e6 : 36;
17e7 : 26;
17e8 : 5b;
17e9 : a7;
17ea : 87;
17eb : f5;
17ec : b0;
17ed : 79;
17ee : 3e;
17ef : 85;
17f0 : d5;
17f1 : cf;
17f2 : 57;
17f3 : b5;
17f4 : e9;
17f5 : 48;
17f6 : dc;
17f7 : 05;
17f8 : 68;
17f9 : d4;
17fa : ed;
17fb : 30;
17fc : 1b;
17fd : 00;
17fe : ff;
17ff : 08;
1800 : 3d;
1801 : 93;
1802 : 77;
1803 : ea;
1804 : bc;
1805 : 3d;
1806 : b3;
1807 : e2;
1808 : b1;
1809 : c5;
180a : 56;
180b : 71;
180c : d4;
180d : 46;
180e : 08;
180f : 38;
1810 : 21;
1811 : ba;
1812 : cc;
1813 : 6b;
1814 : e0;
1815 : 5f;
1816 : 7c;
1817 : 1d;
1818 : 31;
1819 : f1;
181a : 1a;
181b : 95;
181c : 9c;
181d : 87;
181e : 83;
181f : b7;
1820 : 4a;
1821 : 54;
1822 : eb;
1823 : ac;
1824 : 42;
1825 : 7b;
1826 : eb;
1827 : 3f;
1828 : f7;
1829 : 7e;
182a : 6b;
182b : 36;
182c : 80;
182d : 3d;
182e : 73;
182f : 6b;
1830 : f9;
1831 : 70;
1832 : 56;
1833 : 12;
1834 : a4;
1835 : e4;
1836 : c6;
1837 : c8;
1838 : ca;
1839 : fd;
183a : 88;
183b : 4c;
183c : 6f;
183d : ea;
183e : 4a;
183f : d8;
1840 : 5e;
1841 : be;
1842 : 24;
1843 : ef;
1844 : f3;
1845 : 2e;
1846 : 00;
1847 : 77;
1848 : 49;
1849 : 4e;
184a : 62;
184b : 4e;
184c : 78;
184d : d8;
184e : 78;
184f : 90;
1850 : 55;
1851 : fe;
1852 : b3;
1853 : d2;
1854 : 22;
1855 : 47;
1856 : 1a;
1857 : 57;
1858 : e7;
1859 : 6f;
185a : c5;
185b : c9;
185c : bf;
185d : dc;
185e : 29;
185f : 2b;
1860 : 27;
1861 : ef;
1862 : ad;
1863 : 06;
1864 : c2;
1865 : 47;
1866 : fc;
1867 : 94;
1868 : a5;
1869 : 9f;
186a : b1;
186b : 96;
186c : 3a;
186d : 66;
186e : 4b;
186f : 65;
1870 : 0a;
1871 : e8;
1872 : 08;
1873 : 49;
1874 : 10;
1875 : e6;
1876 : 39;
1877 : eb;
1878 : f9;
1879 : 2e;
187a : a1;
187b : 6a;
187c : b6;
187d : d8;
187e : 8f;
187f : d2;
1880 : bd;
1881 : e9;
1882 : e1;
1883 : be;
1884 : c6;
1885 : 0c;
1886 : 44;
1887 : 6a;
1888 : 98;
1889 : ab;
188a : 38;
188b : c8;
188c : 30;
188d : fd;
188e : 4b;
188f : 22;
1890 : a5;
1891 : da;
1892 : a5;
1893 : 47;
1894 : da;
1895 : ba;
1896 : dc;
1897 : 86;
1898 : 42;
1899 : 29;
189a : 54;
189b : 75;
189c : 8c;
189d : aa;
189e : 59;
189f : c7;
18a0 : bd;
18a1 : 34;
18a2 : a7;
18a3 : d8;
18a4 : 2c;
18a5 : dd;
18a6 : 6d;
18a7 : 8d;
18a8 : 57;
18a9 : 4a;
18aa : d8;
18ab : b9;
18ac : d4;
18ad : ba;
18ae : 60;
18af : ff;
18b0 : 16;
18b1 : d4;
18b2 : 90;
18b3 : 6c;
18b4 : c9;
18b5 : 14;
18b6 : 3d;
18b7 : be;
18b8 : 2a;
18b9 : 23;
18ba : 75;
18bb : 55;
18bc : de;
18bd : 65;
18be : 67;
18bf : 32;
18c0 : af;
18c1 : e9;
18c2 : 79;
18c3 : 8b;
18c4 : be;
18c5 : a2;
18c6 : 4f;
18c7 : 1e;
18c8 : 42;
18c9 : 61;
18ca : f7;
18cb : 83;
18cc : a2;
18cd : c0;
18ce : 57;
18cf : 6e;
18d0 : 6a;
18d1 : f0;
18d2 : 75;
18d3 : 6f;
18d4 : d5;
18d5 : 1e;
18d6 : 86;
18d7 : ed;
18d8 : 6d;
18d9 : be;
18da : be;
18db : dd;
18dc : 3b;
18dd : d0;
18de : 85;
18df : 3c;
18e0 : 82;
18e1 : a4;
18e2 : 24;
18e3 : ac;
18e4 : 13;
18e5 : 49;
18e6 : e3;
18e7 : 06;
18e8 : 6e;
18e9 : 6a;
18ea : 77;
18eb : ee;
18ec : 54;
18ed : ba;
18ee : 4d;
18ef : 9d;
18f0 : 55;
18f1 : 14;
18f2 : 1a;
18f3 : 96;
18f4 : 5a;
18f5 : c1;
18f6 : a7;
18f7 : 72;
18f8 : 95;
18f9 : 2a;
18fa : e0;
18fb : 0a;
18fc : 99;
18fd : e7;
18fe : ae;
18ff : 04;
1900 : 32;
1901 : e4;
1902 : ee;
1903 : 46;
1904 : 1f;
1905 : 25;
1906 : ef;
1907 : 78;
1908 : ed;
1909 : 70;
190a : 7b;
190b : 49;
190c : 6a;
190d : 3f;
190e : ab;
190f : 1b;
1910 : 60;
1911 : 8e;
1912 : 53;
1913 : 36;
1914 : fa;
1915 : 57;
1916 : 79;
1917 : 5f;
1918 : a2;
1919 : fa;
191a : ea;
191b : eb;
191c : ce;
191d : 7c;
191e : 74;
191f : dd;
1920 : b8;
1921 : d4;
1922 : a1;
1923 : fc;
1924 : 83;
1925 : cd;
1926 : 22;
1927 : 5b;
1928 : 94;
1929 : 1d;
192a : 6f;
192b : 61;
192c : 03;
192d : f1;
192e : c4;
192f : e9;
1930 : 2b;
1931 : 90;
1932 : 45;
1933 : d4;
1934 : 65;
1935 : 23;
1936 : e5;
1937 : d7;
1938 : ab;
1939 : 15;
193a : 46;
193b : ab;
193c : 76;
193d : 18;
193e : fa;
193f : 4f;
1940 : 5b;
1941 : ad;
1942 : 36;
1943 : 65;
1944 : ea;
1945 : d0;
1946 : ba;
1947 : 29;
1948 : d7;
1949 : 30;
194a : 92;
194b : 21;
194c : 77;
194d : f0;
194e : 8b;
194f : 3d;
1950 : a7;
1951 : d9;
1952 : b3;
1953 : 2b;
1954 : 20;
1955 : 88;
1956 : 19;
1957 : f5;
1958 : a1;
1959 : e1;
195a : 0a;
195b : 56;
195c : 87;
195d : a8;
195e : c8;
195f : 44;
1960 : 7d;
1961 : 02;
1962 : 52;
1963 : 6b;
1964 : a5;
1965 : bb;
1966 : ec;
1967 : bb;
1968 : fa;
1969 : df;
196a : bd;
196b : fe;
196c : ca;
196d : b4;
196e : 2c;
196f : 30;
1970 : 8b;
1971 : d7;
1972 : 57;
1973 : fc;
1974 : 7e;
1975 : 37;
1976 : 4e;
1977 : bf;
1978 : 01;
1979 : a2;
197a : 8e;
197b : 7e;
197c : 20;
197d : 24;
197e : a8;
197f : a1;
1980 : 04;
1981 : 70;
1982 : 65;
1983 : 07;
1984 : db;
1985 : 20;
1986 : 80;
1987 : 2a;
1988 : 51;
1989 : 5f;
198a : bc;
198b : 90;
198c : 93;
198d : 9f;
198e : f3;
198f : 70;
1990 : 35;
1991 : 88;
1992 : be;
1993 : 2a;
1994 : 0f;
1995 : ea;
1996 : 1e;
1997 : c7;
1998 : a8;
1999 : a5;
199a : 9c;
199b : 30;
199c : 09;
199d : c4;
199e : 07;
199f : af;
19a0 : ef;
19a1 : e1;
19a2 : 14;
19a3 : 6b;
19a4 : 72;
19a5 : f6;
19a6 : ee;
19a7 : 87;
19a8 : b8;
19a9 : aa;
19aa : d1;
19ab : b9;
19ac : 2f;
19ad : c4;
19ae : a1;
19af : 43;
19b0 : 70;
19b1 : 49;
19b2 : d8;
19b3 : 9d;
19b4 : ae;
19b5 : f6;
19b6 : 5b;
19b7 : bc;
19b8 : fe;
19b9 : 6e;
19ba : ba;
19bb : 64;
19bc : cb;
19bd : cd;
19be : 87;
19bf : 31;
19c0 : 03;
19c1 : 6d;
19c2 : 20;
19c3 : 2f;
19c4 : 0e;
19c5 : 7d;
19c6 : 48;
19c7 : d7;
19c8 : 26;
19c9 : 8a;
19ca : 97;
19cb : ab;
19cc : ff;
19cd : 01;
19ce : c4;
19cf : f0;
19d0 : 50;
19d1 : 47;
19d2 : 39;
19d3 : 04;
19d4 : 5d;
19d5 : 03;
19d6 : 60;
19d7 : b5;
19d8 : b7;
19d9 : e8;
19da : a8;
19db : af;
19dc : 01;
19dd : e6;
19de : 59;
19df : ed;
19e0 : 5d;
19e1 : 0a;
19e2 : 95;
19e3 : 53;
19e4 : af;
19e5 : a8;
19e6 : 44;
19e7 : 0d;
19e8 : f6;
19e9 : c0;
19ea : c1;
19eb : 9f;
19ec : dd;
19ed : 98;
19ee : 7b;
19ef : 16;
19f0 : 65;
19f1 : 81;
19f2 : 5c;
19f3 : 14;
19f4 : e2;
19f5 : d9;
19f6 : 6e;
19f7 : b8;
19f8 : ab;
19f9 : 04;
19fa : ee;
19fb : 5e;
19fc : 49;
19fd : 41;
19fe : 3a;
19ff : 02;
1a00 : 0d;
1a01 : dd;
1a02 : 80;
1a03 : 0b;
1a04 : 84;
1a05 : 7c;
1a06 : 39;
1a07 : a0;
1a08 : 39;
1a09 : fc;
1a0a : 24;
1a0b : 32;
1a0c : 61;
1a0d : 63;
1a0e : 29;
1a0f : 07;
1a10 : f5;
1a11 : 36;
1a12 : 39;
1a13 : 27;
1a14 : df;
1a15 : c2;
1a16 : dd;
1a17 : 8a;
1a18 : 27;
1a19 : fd;
1a1a : fb;
1a1b : d3;
1a1c : 38;
1a1d : df;
1a1e : 9f;
1a1f : 21;
1a20 : 39;
1a21 : 1d;
1a22 : f3;
1a23 : 95;
1a24 : bb;
1a25 : f1;
1a26 : 20;
1a27 : 8b;
1a28 : 2b;
1a29 : 63;
1a2a : 32;
1a2b : 54;
1a2c : 5f;
1a2d : 39;
1a2e : 5d;
1a2f : 8c;
1a30 : 04;
1a31 : 5d;
1a32 : b6;
1a33 : db;
1a34 : 21;
1a35 : 87;
1a36 : 9c;
1a37 : e9;
1a38 : 61;
1a39 : c3;
1a3a : d3;
1a3b : 18;
1a3c : 77;
1a3d : a1;
1a3e : 28;
1a3f : 59;
1a40 : ca;
1a41 : 5b;
1a42 : 06;
1a43 : 27;
1a44 : 82;
1a45 : 34;
1a46 : 11;
1a47 : 51;
1a48 : bf;
1a49 : 4e;
1a4a : 77;
1a4b : 8e;
1a4c : 96;
1a4d : 25;
1a4e : a7;
1a4f : 8f;
1a50 : 95;
1a51 : 0b;
1a52 : b7;
1a53 : 5c;
1a54 : ce;
1a55 : 40;
1a56 : 04;
1a57 : d3;
1a58 : d3;
1a59 : 0a;
1a5a : 35;
1a5b : 0f;
1a5c : 94;
1a5d : 0b;
1a5e : 66;
1a5f : 68;
1a60 : 87;
1a61 : 3a;
1a62 : 6b;
1a63 : e3;
1a64 : f5;
1a65 : 58;
1a66 : a7;
1a67 : cb;
1a68 : fa;
1a69 : c3;
1a6a : 3b;
1a6b : 2a;
1a6c : 3a;
1a6d : a3;
1a6e : 6a;
1a6f : d1;
1a70 : ee;
1a71 : 51;
1a72 : 06;
1a73 : 8e;
1a74 : ba;
1a75 : 02;
1a76 : 49;
1a77 : d9;
1a78 : 40;
1a79 : 48;
1a7a : 50;
1a7b : 65;
1a7c : 08;
1a7d : 46;
1a7e : 73;
1a7f : 0d;
1a80 : d8;
1a81 : 51;
1a82 : cf;
1a83 : 67;
1a84 : bd;
1a85 : 0c;
1a86 : b1;
1a87 : d9;
1a88 : 88;
1a89 : 04;
1a8a : 15;
1a8b : 79;
1a8c : 34;
1a8d : ae;
1a8e : 6f;
1a8f : 37;
1a90 : 18;
1a91 : 9a;
1a92 : ba;
1a93 : 49;
1a94 : 12;
1a95 : 2b;
1a96 : cc;
1a97 : bc;
1a98 : ee;
1a99 : 9b;
1a9a : 83;
1a9b : 03;
1a9c : dc;
1a9d : 32;
1a9e : 1e;
1a9f : 5a;
1aa0 : 8a;
1aa1 : 8c;
1aa2 : 32;
1aa3 : 3c;
1aa4 : 62;
1aa5 : 82;
1aa6 : 0a;
1aa7 : 88;
1aa8 : 6c;
1aa9 : 28;
1aaa : 31;
1aab : f2;
1aac : 83;
1aad : 55;
1aae : bd;
1aaf : 51;
1ab0 : 69;
1ab1 : 85;
1ab2 : e7;
1ab3 : 1f;
1ab4 : 43;
1ab5 : 28;
1ab6 : 4a;
1ab7 : ba;
1ab8 : 6c;
1ab9 : ac;
1aba : b6;
1abb : a0;
1abc : 89;
1abd : 72;
1abe : 8a;
1abf : 49;
1ac0 : 79;
1ac1 : dd;
1ac2 : 90;
1ac3 : de;
1ac4 : 80;
1ac5 : 91;
1ac6 : 34;
1ac7 : bd;
1ac8 : 99;
1ac9 : 8b;
1aca : 3f;
1acb : b5;
1acc : 0c;
1acd : 33;
1ace : 4c;
1acf : fc;
1ad0 : 0c;
1ad1 : d8;
1ad2 : 06;
1ad3 : 4d;
1ad4 : f1;
1ad5 : 59;
1ad6 : 9f;
1ad7 : f9;
1ad8 : bd;
1ad9 : 95;
1ada : 9e;
1adb : 5e;
1adc : ca;
1add : b1;
1ade : 88;
1adf : d3;
1ae0 : 6d;
1ae1 : d1;
1ae2 : 18;
1ae3 : a2;
1ae4 : f7;
1ae5 : 55;
1ae6 : 18;
1ae7 : 71;
1ae8 : b0;
1ae9 : ae;
1aea : 27;
1aeb : ab;
1aec : 3c;
1aed : 6d;
1aee : e5;
1aef : 7d;
1af0 : 91;
1af1 : 7f;
1af2 : 5b;
1af3 : f8;
1af4 : a4;
1af5 : 85;
1af6 : ff;
1af7 : a6;
1af8 : 65;
1af9 : 09;
1afa : dc;
1afb : 21;
1afc : bf;
1afd : 8d;
1afe : 13;
1aff : 35;
1b00 : 5c;
1b01 : 0b;
1b02 : 61;
1b03 : 05;
1b04 : 81;
1b05 : 75;
1b06 : 3d;
1b07 : dd;
1b08 : c7;
1b09 : 4b;
1b0a : e4;
1b0b : 96;
1b0c : 39;
1b0d : ba;
1b0e : 33;
1b0f : 9a;
1b10 : e6;
1b11 : 5a;
1b12 : a0;
1b13 : d8;
1b14 : 81;
1b15 : e7;
1b16 : 49;
1b17 : 66;
1b18 : d4;
1b19 : e6;
1b1a : 1f;
1b1b : ce;
1b1c : 1f;
1b1d : 0d;
1b1e : 0a;
1b1f : 74;
1b20 : 68;
1b21 : 46;
1b22 : 3f;
1b23 : ef;
1b24 : a8;
1b25 : 4d;
1b26 : 86;
1b27 : 35;
1b28 : ce;
1b29 : 56;
1b2a : be;
1b2b : 2b;
1b2c : c2;
1b2d : a2;
1b2e : 7a;
1b2f : 16;
1b30 : 3e;
1b31 : aa;
1b32 : 21;
1b33 : 93;
1b34 : 26;
1b35 : ed;
1b36 : 1a;
1b37 : 0f;
1b38 : ec;
1b39 : f5;
1b3a : 2e;
1b3b : 9d;
1b3c : 0f;
1b3d : 4f;
1b3e : 32;
1b3f : ee;
1b40 : 8a;
1b41 : 8c;
1b42 : c2;
1b43 : 83;
1b44 : ea;
1b45 : 6f;
1b46 : 18;
1b47 : ad;
1b48 : 32;
1b49 : f2;
1b4a : 17;
1b4b : 95;
1b4c : 6b;
1b4d : f0;
1b4e : 41;
1b4f : 92;
1b50 : 9f;
1b51 : 6c;
1b52 : 75;
1b53 : 22;
1b54 : f2;
1b55 : fd;
1b56 : c1;
1b57 : 7c;
1b58 : 7b;
1b59 : 1c;
1b5a : 0e;
1b5b : f4;
1b5c : a9;
1b5d : db;
1b5e : 8f;
1b5f : 2d;
1b60 : 30;
1b61 : 21;
1b62 : b0;
1b63 : 7b;
1b64 : 97;
1b65 : 10;
1b66 : b2;
1b67 : 46;
1b68 : 04;
1b69 : 89;
1b6a : e4;
1b6b : 7e;
1b6c : bb;
1b6d : c3;
1b6e : 71;
1b6f : a4;
1b70 : 6b;
1b71 : c0;
1b72 : 03;
1b73 : df;
1b74 : 95;
1b75 : 12;
1b76 : 6d;
1b77 : fb;
1b78 : f0;
1b79 : 84;
1b7a : 77;
1b7b : d7;
1b7c : 47;
1b7d : 1e;
1b7e : 20;
1b7f : 79;
1b80 : 88;
1b81 : 2e;
1b82 : 89;
1b83 : ad;
1b84 : 5a;
1b85 : 4c;
1b86 : b4;
1b87 : 82;
1b88 : 7d;
1b89 : 99;
1b8a : fd;
1b8b : c7;
1b8c : 28;
1b8d : 98;
1b8e : 5a;
1b8f : 9b;
1b90 : 64;
1b91 : 5f;
1b92 : 52;
1b93 : 30;
1b94 : e0;
1b95 : 85;
1b96 : 60;
1b97 : 65;
1b98 : 96;
1b99 : 4b;
1b9a : 38;
1b9b : 54;
1b9c : 80;
1b9d : 8f;
1b9e : 59;
1b9f : 76;
1ba0 : 09;
1ba1 : 06;
1ba2 : 5f;
1ba3 : d5;
1ba4 : 48;
1ba5 : 7b;
1ba6 : a3;
1ba7 : 06;
1ba8 : b6;
1ba9 : c0;
1baa : 05;
1bab : 98;
1bac : 45;
1bad : b8;
1bae : b5;
1baf : 63;
1bb0 : a0;
1bb1 : c4;
1bb2 : 11;
1bb3 : e4;
1bb4 : e5;
1bb5 : 54;
1bb6 : f5;
1bb7 : 1d;
1bb8 : d6;
1bb9 : a4;
1bba : 93;
1bbb : 26;
1bbc : b8;
1bbd : 4c;
1bbe : 17;
1bbf : aa;
1bc0 : aa;
1bc1 : 2e;
1bc2 : e8;
1bc3 : c3;
1bc4 : 86;
1bc5 : 13;
1bc6 : 9e;
1bc7 : 2b;
1bc8 : a3;
1bc9 : 74;
1bca : c3;
1bcb : e4;
1bcc : 36;
1bcd : 29;
1bce : e9;
1bcf : 91;
1bd0 : d2;
1bd1 : 79;
1bd2 : 23;
1bd3 : d6;
1bd4 : 2a;
1bd5 : b2;
1bd6 : 12;
1bd7 : 50;
1bd8 : 4c;
1bd9 : 25;
1bda : 18;
1bdb : 4b;
1bdc : 79;
1bdd : bb;
1bde : df;
1bdf : 5e;
1be0 : 9d;
1be1 : 8f;
1be2 : 9b;
1be3 : 46;
1be4 : ed;
1be5 : ad;
1be6 : de;
1be7 : 25;
1be8 : ea;
1be9 : 23;
1bea : 56;
1beb : 99;
1bec : 32;
1bed : 53;
1bee : 6a;
1bef : ff;
1bf0 : bb;
1bf1 : 6a;
1bf2 : af;
1bf3 : 86;
1bf4 : 4c;
1bf5 : c3;
1bf6 : 5b;
1bf7 : 5f;
1bf8 : 2e;
1bf9 : 23;
1bfa : a4;
1bfb : 22;
1bfc : 24;
1bfd : ab;
1bfe : a1;
1bff : 8e;
1c00 : 49;
1c01 : e9;
1c02 : d2;
1c03 : f5;
1c04 : 44;
1c05 : 10;
1c06 : 70;
1c07 : 76;
1c08 : 1a;
1c09 : 3b;
1c0a : 80;
1c0b : 70;
1c0c : 92;
1c0d : 2f;
1c0e : d3;
1c0f : 1c;
1c10 : e2;
1c11 : 6b;
1c12 : 1a;
1c13 : d6;
1c14 : 0a;
1c15 : 7e;
1c16 : ed;
1c17 : 11;
1c18 : 3b;
1c19 : 0b;
1c1a : 6e;
1c1b : 87;
1c1c : c5;
1c1d : 11;
1c1e : a0;
1c1f : 72;
1c20 : 3d;
1c21 : 63;
1c22 : 50;
1c23 : 9c;
1c24 : ae;
1c25 : 36;
1c26 : eb;
1c27 : 03;
1c28 : 8d;
1c29 : ca;
1c2a : 98;
1c2b : 13;
1c2c : 75;
1c2d : 36;
1c2e : dc;
1c2f : 5e;
1c30 : 91;
1c31 : 90;
1c32 : 91;
1c33 : 22;
1c34 : 14;
1c35 : 3b;
1c36 : 17;
1c37 : dc;
1c38 : 32;
1c39 : 91;
1c3a : 7d;
1c3b : 50;
1c3c : fa;
1c3d : 03;
1c3e : db;
1c3f : c0;
1c40 : 0d;
1c41 : 1f;
1c42 : d3;
1c43 : 14;
1c44 : 1c;
1c45 : eb;
1c46 : 5e;
1c47 : 10;
1c48 : 8d;
1c49 : 3c;
1c4a : 04;
1c4b : 30;
1c4c : d0;
1c4d : 34;
1c4e : ac;
1c4f : e3;
1c50 : 7f;
1c51 : 40;
1c52 : 10;
1c53 : 9e;
1c54 : 9b;
1c55 : 04;
1c56 : 9f;
1c57 : 15;
1c58 : 81;
1c59 : 12;
1c5a : de;
1c5b : bc;
1c5c : c5;
1c5d : cd;
1c5e : 3e;
1c5f : 4a;
1c60 : 91;
1c61 : c3;
1c62 : b5;
1c63 : 75;
1c64 : aa;
1c65 : 75;
1c66 : 93;
1c67 : ff;
1c68 : 2d;
1c69 : 6c;
1c6a : b9;
1c6b : 77;
1c6c : 12;
1c6d : a0;
1c6e : 90;
1c6f : 1d;
1c70 : ad;
1c71 : fa;
1c72 : a1;
1c73 : 44;
1c74 : 4e;
1c75 : 34;
1c76 : ea;
1c77 : 17;
1c78 : 13;
1c79 : 14;
1c7a : 0f;
1c7b : 63;
1c7c : 2b;
1c7d : 89;
1c7e : 6e;
1c7f : 4f;
1c80 : 14;
1c81 : 3c;
1c82 : 70;
1c83 : 6b;
1c84 : 4f;
1c85 : b4;
1c86 : 6e;
1c87 : 3d;
1c88 : b7;
1c89 : 9d;
1c8a : 13;
1c8b : 23;
1c8c : ce;
1c8d : c4;
1c8e : 64;
1c8f : 05;
1c90 : 5c;
1c91 : b9;
1c92 : c1;
1c93 : 49;
1c94 : 73;
1c95 : d4;
1c96 : 4f;
1c97 : 6d;
1c98 : ec;
1c99 : 76;
1c9a : 5f;
1c9b : 57;
1c9c : 92;
1c9d : 1d;
1c9e : f9;
1c9f : ad;
1ca0 : e5;
1ca1 : bf;
1ca2 : 09;
1ca3 : 0e;
1ca4 : 49;
1ca5 : 96;
1ca6 : 1f;
1ca7 : a4;
1ca8 : 57;
1ca9 : 3e;
1caa : f1;
1cab : e2;
1cac : 19;
1cad : 01;
1cae : d4;
1caf : 95;
1cb0 : 5e;
1cb1 : 0d;
1cb2 : f3;
1cb3 : d0;
1cb4 : 62;
1cb5 : d7;
1cb6 : e0;
1cb7 : 87;
1cb8 : 33;
1cb9 : e5;
1cba : 80;
1cbb : 05;
1cbc : ea;
1cbd : ac;
1cbe : ff;
1cbf : 3e;
1cc0 : 46;
1cc1 : ad;
1cc2 : 54;
1cc3 : b5;
1cc4 : a5;
1cc5 : 2d;
1cc6 : 67;
1cc7 : 72;
1cc8 : 04;
1cc9 : 50;
1cca : 67;
1ccb : 0f;
1ccc : db;
1ccd : fd;
1cce : 83;
1ccf : 1a;
1cd0 : bf;
1cd1 : 39;
1cd2 : b3;
1cd3 : 47;
1cd4 : d6;
1cd5 : bc;
1cd6 : a8;
1cd7 : 0f;
1cd8 : 62;
1cd9 : a4;
1cda : 90;
1cdb : 77;
1cdc : 01;
1cdd : 37;
1cde : 19;
1cdf : 81;
1ce0 : 78;
1ce1 : 67;
1ce2 : c5;
1ce3 : e0;
1ce4 : b4;
1ce5 : a9;
1ce6 : 54;
1ce7 : 16;
1ce8 : 0e;
1ce9 : 0e;
1cea : b8;
1ceb : 14;
1cec : a6;
1ced : bd;
1cee : 5c;
1cef : 95;
1cf0 : 25;
1cf1 : 05;
1cf2 : c2;
1cf3 : 70;
1cf4 : 81;
1cf5 : b5;
1cf6 : fd;
1cf7 : 39;
1cf8 : 59;
1cf9 : 11;
1cfa : ba;
1cfb : 06;
1cfc : fa;
1cfd : 74;
1cfe : 8e;
1cff : 71;
1d00 : c3;
1d01 : 4b;
1d02 : 56;
1d03 : 1a;
1d04 : 32;
1d05 : 43;
1d06 : f8;
1d07 : 62;
1d08 : a5;
1d09 : f4;
1d0a : e2;
1d0b : b7;
1d0c : ba;
1d0d : 10;
1d0e : 06;
1d0f : c9;
1d10 : f6;
1d11 : b9;
1d12 : 6e;
1d13 : 9f;
1d14 : 5c;
1d15 : da;
1d16 : d9;
1d17 : 03;
1d18 : 89;
1d19 : 93;
1d1a : ad;
1d1b : b3;
1d1c : c1;
1d1d : 8b;
1d1e : 6b;
1d1f : d4;
1d20 : 62;
1d21 : b6;
1d22 : 67;
1d23 : 1a;
1d24 : 2b;
1d25 : fe;
1d26 : fd;
1d27 : cc;
1d28 : 24;
1d29 : ff;
1d2a : 0e;
1d2b : 52;
1d2c : 0d;
1d2d : 7e;
1d2e : 03;
1d2f : 8d;
1d30 : 91;
1d31 : 52;
1d32 : 93;
1d33 : 59;
1d34 : c1;
1d35 : 67;
1d36 : 30;
1d37 : 98;
1d38 : e9;
1d39 : 46;
1d3a : 80;
1d3b : 3c;
1d3c : 04;
1d3d : 82;
1d3e : d7;
1d3f : 6a;
1d40 : 95;
1d41 : ef;
1d42 : 7a;
1d43 : b8;
1d44 : 11;
1d45 : bc;
1d46 : df;
1d47 : d3;
1d48 : 5c;
1d49 : ca;
1d4a : bf;
1d4b : 4a;
1d4c : e8;
1d4d : 78;
1d4e : 9a;
1d4f : 42;
1d50 : 8b;
1d51 : fa;
1d52 : cf;
1d53 : 0e;
1d54 : c5;
1d55 : ad;
1d56 : 36;
1d57 : 60;
1d58 : cc;
1d59 : c0;
1d5a : 0f;
1d5b : 00;
1d5c : ca;
1d5d : b0;
1d5e : 0e;
1d5f : a8;
1d60 : d6;
1d61 : 26;
1d62 : 26;
1d63 : c2;
1d64 : 59;
1d65 : 95;
1d66 : 85;
1d67 : 7e;
1d68 : 9b;
1d69 : dc;
1d6a : f5;
1d6b : 4b;
1d6c : a4;
1d6d : bb;
1d6e : c2;
1d6f : e7;
1d70 : 3a;
1d71 : c0;
1d72 : a1;
1d73 : c6;
1d74 : 4f;
1d75 : e7;
1d76 : e9;
1d77 : a3;
1d78 : bc;
1d79 : 36;
1d7a : 79;
1d7b : 79;
1d7c : 2d;
1d7d : 53;
1d7e : 28;
1d7f : ba;
1d80 : ce;
1d81 : f9;
1d82 : 62;
1d83 : 1b;
1d84 : 85;
1d85 : 92;
1d86 : 5f;
1d87 : 23;
1d88 : be;
1d89 : 49;
1d8a : 62;
1d8b : e5;
1d8c : c5;
1d8d : 4f;
1d8e : 0b;
1d8f : 0b;
1d90 : b7;
1d91 : 43;
1d92 : a8;
1d93 : 7b;
1d94 : a3;
1d95 : ba;
1d96 : 06;
1d97 : f2;
1d98 : 89;
1d99 : 46;
1d9a : 4d;
1d9b : 5d;
1d9c : bf;
1d9d : 40;
1d9e : 1b;
1d9f : 58;
1da0 : b6;
1da1 : 7b;
1da2 : 71;
1da3 : 25;
1da4 : d2;
1da5 : 92;
1da6 : 62;
1da7 : 99;
1da8 : 1d;
1da9 : d4;
1daa : f4;
1dab : 91;
1dac : 6f;
1dad : 4f;
1dae : a2;
1daf : 54;
1db0 : 54;
1db1 : f0;
1db2 : ab;
1db3 : 4f;
1db4 : 00;
1db5 : 30;
1db6 : a3;
1db7 : 26;
1db8 : fb;
1db9 : c4;
1dba : 9f;
1dbb : 0e;
1dbc : fd;
1dbd : 4e;
1dbe : a8;
1dbf : 18;
1dc0 : 63;
1dc1 : 13;
1dc2 : 84;
1dc3 : aa;
1dc4 : 23;
1dc5 : 76;
1dc6 : b4;
1dc7 : 22;
1dc8 : 72;
1dc9 : 39;
1dca : 44;
1dcb : d7;
1dcc : 55;
1dcd : 8f;
1dce : 11;
1dcf : 0d;
1dd0 : b5;
1dd1 : 51;
1dd2 : 55;
1dd3 : 72;
1dd4 : 11;
1dd5 : 2a;
1dd6 : 38;
1dd7 : a8;
1dd8 : c1;
1dd9 : 68;
1dda : 33;
1ddb : 05;
1ddc : 07;
1ddd : 06;
1dde : a2;
1ddf : f7;
1de0 : dd;
1de1 : f7;
1de2 : 80;
1de3 : 8c;
1de4 : 1c;
1de5 : 1d;
1de6 : cf;
1de7 : 8e;
1de8 : 1f;
1de9 : 6e;
1dea : 20;
1deb : 30;
1dec : 90;
1ded : 7e;
1dee : 6e;
1def : e8;
1df0 : fe;
1df1 : 99;
1df2 : 8e;
1df3 : 90;
1df4 : 84;
1df5 : 2b;
1df6 : ce;
1df7 : dd;
1df8 : c1;
1df9 : 4c;
1dfa : 57;
1dfb : 08;
1dfc : 6e;
1dfd : 40;
1dfe : b8;
1dff : 5c;
1e00 : 71;
1e01 : 13;
1e02 : f8;
1e03 : 71;
1e04 : d6;
1e05 : 9a;
1e06 : 76;
1e07 : ff;
1e08 : d4;
1e09 : 3b;
1e0a : 7c;
1e0b : 92;
1e0c : 1d;
1e0d : 4a;
1e0e : e7;
1e0f : 45;
1e10 : ee;
1e11 : bb;
1e12 : b1;
1e13 : 07;
1e14 : cd;
1e15 : af;
1e16 : bd;
1e17 : 0c;
1e18 : 32;
1e19 : 31;
1e1a : dd;
1e1b : 55;
1e1c : 73;
1e1d : c6;
1e1e : 20;
1e1f : c3;
1e20 : ea;
1e21 : e8;
1e22 : a4;
1e23 : ee;
1e24 : cd;
1e25 : f4;
1e26 : 0a;
1e27 : 72;
1e28 : 6e;
1e29 : 43;
1e2a : 24;
1e2b : f3;
1e2c : f1;
1e2d : 44;
1e2e : 45;
1e2f : 1f;
1e30 : 5f;
1e31 : 4f;
1e32 : ec;
1e33 : 9a;
1e34 : 5b;
1e35 : 00;
1e36 : a5;
1e37 : ee;
1e38 : 04;
1e39 : 47;
1e3a : 3a;
1e3b : bc;
1e3c : 82;
1e3d : ff;
1e3e : 8f;
1e3f : 9e;
1e40 : 9d;
1e41 : 79;
1e42 : d5;
1e43 : 4e;
1e44 : 36;
1e45 : d5;
1e46 : 33;
1e47 : 37;
1e48 : 3b;
1e49 : b6;
1e4a : 01;
1e4b : 34;
1e4c : 34;
1e4d : a9;
1e4e : b7;
1e4f : c6;
1e50 : 87;
1e51 : 05;
1e52 : fa;
1e53 : 10;
1e54 : 1b;
1e55 : ce;
1e56 : 13;
1e57 : 02;
1e58 : 79;
1e59 : 17;
1e5a : 84;
1e5b : 60;
1e5c : 75;
1e5d : f6;
1e5e : 06;
1e5f : e0;
1e60 : 9d;
1e61 : 88;
1e62 : f0;
1e63 : e3;
1e64 : 9f;
1e65 : 68;
1e66 : e1;
1e67 : ca;
1e68 : f6;
1e69 : 46;
1e6a : 92;
1e6b : 78;
1e6c : c2;
1e6d : c5;
1e6e : 5d;
1e6f : 66;
1e70 : f3;
1e71 : 45;
1e72 : 97;
1e73 : e2;
1e74 : 17;
1e75 : 4e;
1e76 : 64;
1e77 : 00;
1e78 : 11;
1e79 : 7b;
1e7a : 96;
1e7b : 87;
1e7c : 99;
1e7d : 79;
1e7e : 7e;
1e7f : df;
1e80 : 23;
1e81 : f5;
1e82 : 03;
1e83 : 0c;
1e84 : fc;
1e85 : 71;
1e86 : c1;
1e87 : 4a;
1e88 : 01;
1e89 : f7;
1e8a : 90;
1e8b : 78;
1e8c : d6;
1e8d : 5b;
1e8e : a2;
1e8f : da;
1e90 : 48;
1e91 : 61;
1e92 : 34;
1e93 : 07;
1e94 : 01;
1e95 : 44;
1e96 : 49;
1e97 : 3d;
1e98 : 91;
1e99 : 1f;
1e9a : a6;
1e9b : 39;
1e9c : 84;
1e9d : 0f;
1e9e : 6f;
1e9f : ef;
1ea0 : 87;
1ea1 : 9f;
1ea2 : 03;
1ea3 : 7c;
1ea4 : 49;
1ea5 : ae;
1ea6 : a5;
1ea7 : b5;
1ea8 : 89;
1ea9 : cc;
1eaa : 4f;
1eab : 04;
1eac : 90;
1ead : 2d;
1eae : 81;
1eaf : 13;
1eb0 : 12;
1eb1 : 6c;
1eb2 : 93;
1eb3 : 7c;
1eb4 : 86;
1eb5 : 98;
1eb6 : 19;
1eb7 : 44;
1eb8 : 0c;
1eb9 : 9e;
1eba : 2b;
1ebb : b0;
1ebc : 07;
1ebd : bc;
1ebe : 37;
1ebf : 1e;
1ec0 : aa;
1ec1 : 45;
1ec2 : 8a;
1ec3 : 29;
1ec4 : 4f;
1ec5 : ef;
1ec6 : a3;
1ec7 : 11;
1ec8 : ef;
1ec9 : 48;
1eca : 03;
1ecb : b3;
1ecc : 4b;
1ecd : 6d;
1ece : 65;
1ecf : 73;
1ed0 : 59;
1ed1 : 99;
1ed2 : 02;
1ed3 : 9c;
1ed4 : d4;
1ed5 : 1b;
1ed6 : 89;
1ed7 : 78;
1ed8 : a1;
1ed9 : 93;
1eda : 29;
1edb : e4;
1edc : 42;
1edd : 0c;
1ede : a1;
1edf : 0a;
1ee0 : 18;
1ee1 : dc;
1ee2 : 98;
1ee3 : 7b;
1ee4 : 6a;
1ee5 : 4c;
1ee6 : 4d;
1ee7 : 8c;
1ee8 : cf;
1ee9 : 9b;
1eea : 4b;
1eeb : ac;
1eec : 28;
1eed : 33;
1eee : 3a;
1eef : 68;
1ef0 : 44;
1ef1 : 91;
1ef2 : 88;
1ef3 : c7;
1ef4 : fe;
1ef5 : fd;
1ef6 : d8;
1ef7 : 4c;
1ef8 : f8;
1ef9 : 0d;
1efa : c2;
1efb : 97;
1efc : b9;
1efd : b4;
1efe : 56;
1eff : c3;
1f00 : 9f;
1f01 : 2e;
1f02 : 3f;
1f03 : 7d;
1f04 : 04;
1f05 : 21;
1f06 : d3;
1f07 : 70;
1f08 : 6a;
1f09 : 24;
1f0a : 1f;
1f0b : 0d;
1f0c : 24;
1f0d : ef;
1f0e : 95;
1f0f : 1e;
1f10 : 17;
1f11 : a1;
1f12 : 67;
1f13 : 97;
1f14 : dd;
1f15 : 4d;
1f16 : 1e;
1f17 : 14;
1f18 : 78;
1f19 : 19;
1f1a : 63;
1f1b : f4;
1f1c : 9b;
1f1d : ad;
1f1e : 94;
1f1f : 3e;
1f20 : 40;
1f21 : 2d;
1f22 : 71;
1f23 : 7c;
1f24 : 65;
1f25 : b0;
1f26 : ef;
1f27 : 56;
1f28 : 5e;
1f29 : 5a;
1f2a : ac;
1f2b : 8e;
1f2c : 9c;
1f2d : 4a;
1f2e : 29;
1f2f : 23;
1f30 : 61;
1f31 : e3;
1f32 : 86;
1f33 : 22;
1f34 : 12;
1f35 : 75;
1f36 : e5;
1f37 : af;
1f38 : 8b;
1f39 : 18;
1f3a : 75;
1f3b : d7;
1f3c : 47;
1f3d : 93;
1f3e : 16;
1f3f : ee;
1f40 : 1d;
1f41 : e3;
1f42 : 68;
1f43 : 25;
1f44 : 89;
1f45 : 04;
1f46 : 6c;
1f47 : 62;
1f48 : a5;
1f49 : 7d;
1f4a : 44;
1f4b : 58;
1f4c : 9c;
1f4d : f8;
1f4e : c3;
1f4f : 1d;
1f50 : d4;
1f51 : 56;
1f52 : f6;
1f53 : 4c;
1f54 : 5b;
1f55 : 12;
1f56 : c3;
1f57 : 59;
1f58 : b8;
1f59 : 07;
1f5a : bd;
1f5b : 9c;
1f5c : 38;
1f5d : 3f;
1f5e : c4;
1f5f : 61;
1f60 : ff;
1f61 : 00;
1f62 : 1b;
1f63 : 59;
1f64 : 8a;
1f65 : 4e;
1f66 : b2;
1f67 : 05;
1f68 : 95;
1f69 : 95;
1f6a : 89;
1f6b : 44;
1f6c : c6;
1f6d : 94;
1f6e : e9;
1f6f : cc;
1f70 : 45;
1f71 : f8;
1f72 : 19;
1f73 : 1c;
1f74 : 96;
1f75 : 72;
1f76 : 6b;
1f77 : f5;
1f78 : a5;
1f79 : 82;
1f7a : bc;
1f7b : b5;
1f7c : 0f;
1f7d : db;
1f7e : 4c;
1f7f : 86;
1f80 : 98;
1f81 : 86;
1f82 : 4d;
1f83 : a1;
1f84 : 5b;
1f85 : e5;
1f86 : 43;
1f87 : 99;
1f88 : 66;
1f89 : 46;
1f8a : 61;
1f8b : 10;
1f8c : f8;
1f8d : 4e;
1f8e : 1b;
1f8f : 32;
1f90 : 5f;
1f91 : f0;
1f92 : bf;
1f93 : d8;
1f94 : 36;
1f95 : 02;
1f96 : da;
1f97 : 6d;
1f98 : 3d;
1f99 : 61;
1f9a : 4d;
1f9b : 8e;
1f9c : 34;
1f9d : 9b;
1f9e : c7;
1f9f : 08;
1fa0 : 8f;
1fa1 : af;
1fa2 : 33;
1fa3 : 34;
1fa4 : 3b;
1fa5 : 27;
1fa6 : df;
1fa7 : 76;
1fa8 : 1c;
1fa9 : 9a;
1faa : 7b;
1fab : 4b;
1fac : 34;
1fad : b4;
1fae : 4f;
1faf : 43;
1fb0 : ac;
1fb1 : 19;
1fb2 : 9e;
1fb3 : 48;
1fb4 : ea;
1fb5 : 78;
1fb6 : 1f;
1fb7 : 33;
1fb8 : 4d;
1fb9 : 66;
1fba : b8;
1fbb : dc;
1fbc : e4;
1fbd : b3;
1fbe : 8d;
1fbf : 23;
1fc0 : 9f;
1fc1 : cf;
1fc2 : 8d;
1fc3 : 8a;
1fc4 : c0;
1fc5 : 03;
1fc6 : bc;
1fc7 : 68;
1fc8 : 36;
1fc9 : 09;
1fca : fb;
1fcb : d0;
1fcc : f3;
1fcd : b5;
1fce : 93;
1fcf : 74;
1fd0 : e2;
1fd1 : b5;
1fd2 : 7b;
1fd3 : 5d;
1fd4 : d3;
1fd5 : d7;
1fd6 : ec;
1fd7 : e3;
1fd8 : 2f;
1fd9 : f7;
1fda : 34;
1fdb : 9a;
1fdc : 39;
1fdd : 6d;
1fde : 6e;
1fdf : d6;
1fe0 : 73;
1fe1 : 22;
1fe2 : 2d;
1fe3 : ef;
1fe4 : 4d;
1fe5 : f3;
1fe6 : 0d;
1fe7 : 0d;
1fe8 : 4f;
1fe9 : 6e;
1fea : da;
1feb : 83;
1fec : f1;
1fed : f3;
1fee : 1f;
1fef : 34;
1ff0 : a6;
1ff1 : b2;
1ff2 : 06;
1ff3 : b3;
1ff4 : e1;
1ff5 : c4;
1ff6 : 9c;
1ff7 : 36;
1ff8 : 93;
1ff9 : 9b;
1ffa : ce;
1ffb : 43;
1ffc : 86;
1ffd : f4;
1ffe : 3f;
1fff : 78;
2000 : a7;
2001 : be;
2002 : 68;
2003 : 7d;
2004 : 4e;
2005 : 77;
2006 : 07;
2007 : 99;
2008 : 58;
2009 : e0;
200a : c6;
200b : c6;
200c : cb;
200d : 53;
200e : 1e;
200f : 10;
2010 : 38;
2011 : fe;
2012 : 3b;
2013 : 5e;
2014 : 61;
2015 : 79;
2016 : b6;
2017 : ef;
2018 : ad;
2019 : ee;
201a : a7;
201b : cc;
201c : 72;
201d : c6;
201e : b1;
201f : 89;
2020 : dc;
2021 : eb;
2022 : 54;
2023 : c6;
2024 : 0b;
2025 : 98;
2026 : 99;
2027 : dc;
2028 : 07;
2029 : ab;
202a : e6;
202b : 2b;
202c : 93;
202d : 9d;
202e : 44;
202f : 0c;
2030 : b8;
2031 : b8;
2032 : 31;
2033 : fc;
2034 : 99;
2035 : 33;
2036 : f0;
2037 : 46;
2038 : f4;
2039 : a6;
203a : fc;
203b : 5a;
203c : f0;
203d : be;
203e : 9f;
203f : d6;
2040 : 2c;
2041 : 51;
2042 : 90;
2043 : b7;
2044 : da;
2045 : b5;
2046 : 53;
2047 : e2;
2048 : 8d;
2049 : 61;
204a : 5d;
204b : b2;
204c : d0;
204d : f4;
204e : 9c;
204f : 36;
2050 : 89;
2051 : e0;
2052 : ad;
2053 : 50;
2054 : 9a;
2055 : a1;
2056 : 4a;
2057 : bd;
2058 : 54;
2059 : 41;
205a : 61;
205b : be;
205c : 3b;
205d : a6;
205e : 0e;
205f : ae;
2060 : be;
2061 : 74;
2062 : 87;
2063 : a5;
2064 : 53;
2065 : 5c;
2066 : 86;
2067 : 31;
2068 : 4e;
2069 : b9;
206a : 9a;
206b : 9d;
206c : 3f;
206d : 6e;
206e : 78;
206f : b9;
2070 : 51;
2071 : 91;
2072 : a5;
2073 : 8e;
2074 : c4;
2075 : 77;
2076 : d5;
2077 : 1e;
2078 : 7f;
2079 : d7;
207a : ee;
207b : 2e;
207c : cf;
207d : d5;
207e : 61;
207f : 21;
2080 : 49;
2081 : 00;
2082 : ad;
2083 : d5;
2084 : 94;
2085 : b6;
2086 : 0c;
2087 : e6;
2088 : f7;
2089 : 21;
208a : 03;
208b : 05;
208c : 80;
208d : 89;
208e : c5;
208f : ea;
2090 : 4d;
2091 : 4e;
2092 : c4;
2093 : 62;
2094 : 0f;
2095 : ea;
2096 : e4;
2097 : 22;
2098 : da;
2099 : 72;
209a : c3;
209b : ca;
209c : a6;
209d : bf;
209e : 7c;
209f : b5;
20a0 : c6;
20a1 : 8b;
20a2 : 08;
20a3 : a6;
20a4 : 85;
20a5 : ea;
20a6 : 7a;
20a7 : f0;
20a8 : ed;
20a9 : 33;
20aa : df;
20ab : 44;
20ac : b1;
20ad : 3f;
20ae : 36;
20af : 8e;
20b0 : fb;
20b1 : 5b;
20b2 : 57;
20b3 : 06;
20b4 : 65;
20b5 : 35;
20b6 : 34;
20b7 : 10;
20b8 : d1;
20b9 : 80;
20ba : a6;
20bb : f9;
20bc : 04;
20bd : 91;
20be : 40;
20bf : b8;
20c0 : 9a;
20c1 : c3;
20c2 : 4a;
20c3 : da;
20c4 : e8;
20c5 : 6c;
20c6 : c1;
20c7 : e7;
20c8 : 93;
20c9 : d0;
20ca : d9;
20cb : 80;
20cc : e0;
20cd : 43;
20ce : 76;
20cf : 40;
20d0 : 48;
20d1 : 8a;
20d2 : 87;
20d3 : 23;
20d4 : 4f;
20d5 : 12;
20d6 : 6d;
20d7 : f0;
20d8 : 03;
20d9 : d5;
20da : f1;
20db : dc;
20dc : ab;
20dd : 5b;
20de : 81;
20df : a7;
20e0 : 00;
20e1 : a3;
20e2 : 5d;
20e3 : 6f;
20e4 : 6e;
20e5 : a0;
20e6 : ab;
20e7 : 34;
20e8 : 0c;
20e9 : f9;
20ea : a1;
20eb : 26;
20ec : fe;
20ed : d1;
20ee : 3d;
20ef : 82;
20f0 : 28;
20f1 : 17;
20f2 : 13;
20f3 : 72;
20f4 : 95;
20f5 : 85;
20f6 : 4c;
20f7 : d4;
20f8 : 9c;
20f9 : a1;
20fa : c0;
20fb : 92;
20fc : f0;
20fd : f4;
20fe : d0;
20ff : db;
2100 : b1;
2101 : 89;
2102 : 13;
2103 : b0;
2104 : cd;
2105 : 77;
2106 : 97;
2107 : 39;
2108 : c4;
2109 : 1d;
210a : 95;
210b : f1;
210c : 52;
210d : 78;
210e : 96;
210f : a0;
2110 : 04;
2111 : f6;
2112 : 6d;
2113 : 9f;
2114 : 16;
2115 : 13;
2116 : 97;
2117 : ea;
2118 : 3c;
2119 : 10;
211a : 63;
211b : 56;
211c : cd;
211d : d3;
211e : 5e;
211f : 36;
2120 : 0f;
2121 : f7;
2122 : a7;
2123 : 4d;
2124 : 02;
2125 : 05;
2126 : 51;
2127 : 96;
2128 : 7d;
2129 : 03;
212a : 2a;
212b : f5;
212c : 08;
212d : 56;
212e : a4;
212f : a7;
2130 : d6;
2131 : f6;
2132 : 85;
2133 : 9d;
2134 : 6b;
2135 : 7f;
2136 : 7c;
2137 : e9;
2138 : 4c;
2139 : a5;
213a : 30;
213b : 2a;
213c : 2a;
213d : 09;
213e : f7;
213f : 4a;
2140 : 63;
2141 : f3;
2142 : 32;
2143 : da;
2144 : 40;
2145 : 51;
2146 : 2b;
2147 : 86;
2148 : e8;
2149 : 27;
214a : 71;
214b : b9;
214c : 72;
214d : 2c;
214e : df;
214f : 7b;
2150 : 62;
2151 : 80;
2152 : 5b;
2153 : 15;
2154 : ec;
2155 : 86;
2156 : 7c;
2157 : f6;
2158 : be;
2159 : 8f;
215a : 07;
215b : 3d;
215c : 49;
215d : 5d;
215e : 39;
215f : bf;
2160 : 11;
2161 : a3;
2162 : 28;
2163 : 13;
2164 : 67;
2165 : e0;
2166 : bd;
2167 : 27;
2168 : 88;
2169 : cd;
216a : 20;
216b : 70;
216c : 05;
216d : 79;
216e : 03;
216f : b8;
2170 : ae;
2171 : 8e;
2172 : 54;
2173 : b0;
2174 : 1e;
2175 : 21;
2176 : fc;
2177 : d5;
2178 : b6;
2179 : 90;
217a : 05;
217b : 2e;
217c : 65;
217d : 29;
217e : db;
217f : ea;
2180 : be;
2181 : 47;
2182 : d9;
2183 : 06;
2184 : 2f;
2185 : db;
2186 : fe;
2187 : 18;
2188 : 09;
2189 : 00;
218a : 34;
218b : 79;
218c : 4c;
218d : c5;
218e : 7d;
218f : 75;
2190 : 02;
2191 : cc;
2192 : 58;
2193 : b3;
2194 : 2b;
2195 : 39;
2196 : d7;
2197 : e8;
2198 : 45;
2199 : 50;
219a : 06;
219b : 02;
219c : 68;
219d : 7e;
219e : 2d;
219f : c9;
21a0 : e5;
21a1 : 57;
21a2 : 74;
21a3 : 73;
21a4 : e2;
21a5 : be;
21a6 : 0b;
21a7 : 11;
21a8 : 7d;
21a9 : fc;
21aa : f9;
21ab : ef;
21ac : a1;
21ad : 2a;
21ae : d7;
21af : 40;
21b0 : 55;
21b1 : d1;
21b2 : db;
21b3 : 0c;
21b4 : 69;
21b5 : 93;
21b6 : f7;
21b7 : c0;
21b8 : 10;
21b9 : 65;
21ba : 11;
21bb : 6b;
21bc : 27;
21bd : cb;
21be : 42;
21bf : 19;
21c0 : ad;
21c1 : 1e;
21c2 : 92;
21c3 : 9f;
21c4 : c7;
21c5 : dd;
21c6 : d5;
21c7 : 33;
21c8 : 33;
21c9 : 7e;
21ca : 37;
21cb : 4f;
21cc : da;
21cd : 88;
21ce : 65;
21cf : 51;
21d0 : 5b;
21d1 : c2;
21d2 : 32;
21d3 : 3b;
21d4 : 42;
21d5 : bb;
21d6 : 6c;
21d7 : e4;
21d8 : 2a;
21d9 : 7d;
21da : 10;
21db : a7;
21dc : 64;
21dd : 0d;
21de : 99;
21df : 20;
21e0 : f8;
21e1 : 0c;
21e2 : 42;
21e3 : c5;
21e4 : 7c;
21e5 : 20;
21e6 : 4d;
21e7 : 5f;
21e8 : fa;
21e9 : af;
21ea : c4;
21eb : af;
21ec : 33;
21ed : 7c;
21ee : 5b;
21ef : 5f;
21f0 : d7;
21f1 : 64;
21f2 : 0b;
21f3 : dd;
21f4 : 06;
21f5 : 65;
21f6 : 71;
21f7 : 79;
21f8 : 8f;
21f9 : eb;
21fa : bd;
21fb : 8d;
21fc : 27;
21fd : f8;
21fe : cc;
21ff : d8;
2200 : 48;
2201 : 56;
2202 : 98;
2203 : 34;
2204 : a8;
2205 : fd;
2206 : 96;
2207 : 7b;
2208 : 38;
2209 : dd;
220a : f4;
220b : e6;
220c : 41;
220d : cf;
220e : e2;
220f : 0d;
2210 : 8a;
2211 : ec;
2212 : d2;
2213 : a9;
2214 : f9;
2215 : ef;
2216 : c0;
2217 : e8;
2218 : 0c;
2219 : a9;
221a : 09;
221b : 7e;
221c : 9b;
221d : 43;
221e : 80;
221f : 7a;
2220 : 8a;
2221 : 42;
2222 : 6f;
2223 : e9;
2224 : 9c;
2225 : 4f;
2226 : 3b;
2227 : 89;
2228 : 68;
2229 : 9b;
222a : 80;
222b : 71;
222c : 19;
222d : 73;
222e : f6;
222f : fb;
2230 : a2;
2231 : 28;
2232 : a4;
2233 : e3;
2234 : 6f;
2235 : f2;
2236 : 25;
2237 : 56;
2238 : d9;
2239 : c3;
223a : 60;
223b : 9e;
223c : 14;
223d : 26;
223e : 4c;
223f : 12;
2240 : 7c;
2241 : 6d;
2242 : 69;
2243 : 6f;
2244 : 9e;
2245 : 0c;
2246 : 04;
2247 : 31;
2248 : 47;
2249 : 74;
224a : c3;
224b : 64;
224c : 2c;
224d : b7;
224e : f6;
224f : 61;
2250 : 50;
2251 : 83;
2252 : d8;
2253 : 0f;
2254 : c0;
2255 : 7b;
2256 : 00;
2257 : 56;
2258 : 7a;
2259 : 12;
225a : 69;
225b : 71;
225c : de;
225d : 3b;
225e : 37;
225f : 4b;
2260 : 3e;
2261 : 5a;
2262 : ad;
2263 : 4c;
2264 : e1;
2265 : c2;
2266 : fb;
2267 : 49;
2268 : d1;
2269 : 65;
226a : 0d;
226b : 5e;
226c : 33;
226d : bc;
226e : f0;
226f : 17;
2270 : 48;
2271 : 49;
2272 : 9f;
2273 : 36;
2274 : 71;
2275 : de;
2276 : ad;
2277 : 81;
2278 : f7;
2279 : ac;
227a : b1;
227b : a8;
227c : 4d;
227d : 1f;
227e : 73;
227f : 57;
2280 : 16;
2281 : 7b;
2282 : 70;
2283 : 12;
2284 : 3b;
2285 : 7c;
2286 : 52;
2287 : 8a;
2288 : 7c;
2289 : 6a;
228a : 0a;
228b : b9;
228c : d9;
228d : 8c;
228e : 61;
228f : e5;
2290 : f1;
2291 : f9;
2292 : 47;
2293 : 4a;
2294 : 5e;
2295 : 4a;
2296 : 39;
2297 : a1;
2298 : 45;
2299 : b6;
229a : 4f;
229b : 0d;
229c : 17;
229d : ed;
229e : 6c;
229f : b1;
22a0 : 37;
22a1 : bc;
22a2 : 97;
22a3 : df;
22a4 : 7d;
22a5 : 7d;
22a6 : fb;
22a7 : 2c;
22a8 : e7;
22a9 : 48;
22aa : 6d;
22ab : b4;
22ac : 89;
22ad : bb;
22ae : e0;
22af : d6;
22b0 : 92;
22b1 : 33;
22b2 : 6f;
22b3 : 5f;
22b4 : 64;
22b5 : 46;
22b6 : ed;
22b7 : fa;
22b8 : 85;
22b9 : 95;
22ba : bd;
22bb : 43;
22bc : 9b;
22bd : ac;
22be : b9;
22bf : 82;
22c0 : aa;
22c1 : c9;
22c2 : 68;
22c3 : 59;
22c4 : d4;
22c5 : c9;
22c6 : 02;
22c7 : 3b;
22c8 : e0;
22c9 : fe;
22ca : 69;
22cb : e5;
22cc : 0d;
22cd : 9f;
22ce : 4b;
22cf : ef;
22d0 : b3;
22d1 : 82;
22d2 : b0;
22d3 : e4;
22d4 : 65;
22d5 : 92;
22d6 : 02;
22d7 : 68;
22d8 : 5d;
22d9 : 50;
22da : 00;
22db : 4b;
22dc : d1;
22dd : 35;
22de : 8d;
22df : e4;
22e0 : 53;
22e1 : 3f;
22e2 : dc;
22e3 : 16;
22e4 : a2;
22e5 : 23;
22e6 : 9a;
22e7 : 93;
22e8 : 15;
22e9 : ee;
22ea : 86;
22eb : b7;
22ec : 4b;
22ed : a8;
22ee : c2;
22ef : c4;
22f0 : 2e;
22f1 : 9b;
22f2 : fb;
22f3 : dd;
22f4 : 1d;
22f5 : b0;
22f6 : 0c;
22f7 : bd;
22f8 : 62;
22f9 : dd;
22fa : dc;
22fb : 9a;
22fc : 8c;
22fd : 71;
22fe : d7;
22ff : d8;
2300 : 6e;
2301 : 38;
2302 : a7;
2303 : 96;
2304 : f3;
2305 : ae;
2306 : eb;
2307 : 22;
2308 : d0;
2309 : 50;
230a : 8e;
230b : 02;
230c : 39;
230d : 61;
230e : 90;
230f : e3;
2310 : c9;
2311 : 57;
2312 : 8f;
2313 : 9c;
2314 : 95;
2315 : 87;
2316 : 72;
2317 : f1;
2318 : 9d;
2319 : 40;
231a : 9e;
231b : 77;
231c : 7f;
231d : d4;
231e : 38;
231f : 2e;
2320 : 56;
2321 : ab;
2322 : 97;
2323 : e1;
2324 : b5;
2325 : 07;
2326 : eb;
2327 : 44;
2328 : b5;
2329 : 9f;
232a : 69;
232b : 06;
232c : e4;
232d : d8;
232e : d2;
232f : fd;
2330 : 98;
2331 : 46;
2332 : 74;
2333 : c1;
2334 : b9;
2335 : fd;
2336 : 61;
2337 : c7;
2338 : b2;
2339 : e2;
233a : c8;
233b : 08;
233c : ba;
233d : 51;
233e : 1a;
233f : 4a;
2340 : 67;
2341 : 24;
2342 : 46;
2343 : 41;
2344 : 43;
2345 : 1a;
2346 : 3d;
2347 : 70;
2348 : d4;
2349 : bc;
234a : 3f;
234b : 9a;
234c : 39;
234d : 0b;
234e : 2c;
234f : 4d;
2350 : a6;
2351 : 4c;
2352 : 37;
2353 : c1;
2354 : 8b;
2355 : 62;
2356 : fe;
2357 : 12;
2358 : 14;
2359 : 7c;
235a : a3;
235b : 6b;
235c : 69;
235d : ec;
235e : 36;
235f : ba;
2360 : f8;
2361 : 01;
2362 : d8;
2363 : 70;
2364 : e9;
2365 : 99;
2366 : 61;
2367 : 3c;
2368 : 4c;
2369 : c8;
236a : a0;
236b : 52;
236c : e2;
236d : 4e;
236e : 06;
236f : d9;
2370 : 4d;
2371 : f9;
2372 : e0;
2373 : 79;
2374 : 91;
2375 : 0d;
2376 : 01;
2377 : 18;
2378 : 35;
2379 : 23;
237a : 19;
237b : 80;
237c : 8a;
237d : 08;
237e : 9d;
237f : 00;
2380 : f8;
2381 : 05;
2382 : 86;
2383 : d1;
2384 : bb;
2385 : b8;
2386 : e5;
2387 : 70;
2388 : 20;
2389 : 3c;
238a : 78;
238b : 8e;
238c : de;
238d : 40;
238e : 4b;
238f : a1;
2390 : 92;
2391 : be;
2392 : 8e;
2393 : fc;
2394 : 74;
2395 : 55;
2396 : 1c;
2397 : 0a;
2398 : cd;
2399 : 8d;
239a : e8;
239b : bf;
239c : e0;
239d : 1c;
239e : 00;
239f : 3b;
23a0 : 89;
23a1 : f2;
23a2 : e0;
23a3 : cb;
23a4 : a8;
23a5 : 79;
23a6 : a9;
23a7 : 0a;
23a8 : 18;
23a9 : f1;
23aa : bc;
23ab : 6a;
23ac : 0b;
23ad : 08;
23ae : 19;
23af : 4a;
23b0 : 51;
23b1 : 55;
23b2 : 2d;
23b3 : 98;
23b4 : 60;
23b5 : 40;
23b6 : de;
23b7 : e8;
23b8 : 7e;
23b9 : 1c;
23ba : 5c;
23bb : 12;
23bc : 13;
23bd : 5c;
23be : 05;
23bf : 8b;
23c0 : 5d;
23c1 : cf;
23c2 : 23;
23c3 : 6f;
23c4 : 38;
23c5 : 5b;
23c6 : 94;
23c7 : 25;
23c8 : c1;
23c9 : 4f;
23ca : a9;
23cb : f0;
23cc : 18;
23cd : e9;
23ce : ba;
23cf : e7;
23d0 : 65;
23d1 : 97;
23d2 : bc;
23d3 : 19;
23d4 : 53;
23d5 : 6f;
23d6 : b4;
23d7 : 1b;
23d8 : 9a;
23d9 : 47;
23da : aa;
23db : 77;
23dc : db;
23dd : db;
23de : 78;
23df : 45;
23e0 : fc;
23e1 : ae;
23e2 : d3;
23e3 : cf;
23e4 : 66;
23e5 : 3a;
23e6 : 6c;
23e7 : a8;
23e8 : 7a;
23e9 : dd;
23ea : 91;
23eb : 6a;
23ec : 25;
23ed : 2b;
23ee : e7;
23ef : e0;
23f0 : 35;
23f1 : ed;
23f2 : 6e;
23f3 : 4b;
23f4 : 2e;
23f5 : 7f;
23f6 : bc;
23f7 : a2;
23f8 : be;
23f9 : a4;
23fa : 73;
23fb : 6e;
23fc : 04;
23fd : 6a;
23fe : 5c;
23ff : 3f;
2400 : ae;
2401 : b0;
2402 : 74;
2403 : b2;
2404 : 05;
2405 : 00;
2406 : 25;
2407 : 78;
2408 : 89;
2409 : a8;
240a : 81;
240b : 29;
240c : 57;
240d : 11;
240e : de;
240f : 6a;
2410 : 4b;
2411 : 4a;
2412 : 06;
2413 : 16;
2414 : 6f;
2415 : 61;
2416 : 78;
2417 : dc;
2418 : 66;
2419 : 3b;
241a : 2f;
241b : 41;
241c : d1;
241d : 49;
241e : 20;
241f : 47;
2420 : 29;
2421 : b0;
2422 : e3;
2423 : 23;
2424 : b2;
2425 : 25;
2426 : a3;
2427 : 28;
2428 : 21;
2429 : d6;
242a : 87;
242b : 69;
242c : fb;
242d : 3f;
242e : a4;
242f : 6f;
2430 : d6;
2431 : 11;
2432 : 38;
2433 : 24;
2434 : 36;
2435 : 83;
2436 : 21;
2437 : 4a;
2438 : 98;
2439 : ca;
243a : a8;
243b : 6b;
243c : 38;
243d : e3;
243e : dc;
243f : 08;
2440 : f6;
2441 : 21;
2442 : 78;
2443 : 00;
2444 : 2a;
2445 : 0c;
2446 : aa;
2447 : 87;
2448 : c7;
2449 : 0a;
244a : ce;
244b : 93;
244c : 1d;
244d : 18;
244e : 36;
244f : fc;
2450 : a0;
2451 : b4;
2452 : 91;
2453 : f5;
2454 : 4a;
2455 : 63;
2456 : 56;
2457 : 5e;
2458 : 68;
2459 : 72;
245a : 7e;
245b : 46;
245c : 0c;
245d : 54;
245e : 4d;
245f : 8f;
2460 : 2d;
2461 : 38;
2462 : b0;
2463 : 23;
2464 : 26;
2465 : 2b;
2466 : 2a;
2467 : d8;
2468 : ef;
2469 : ce;
246a : 51;
246b : 54;
246c : 5e;
246d : 78;
246e : 9e;
246f : 2d;
2470 : 41;
2471 : 3c;
2472 : 9b;
2473 : 95;
2474 : 0f;
2475 : 22;
2476 : 8e;
2477 : e9;
2478 : 29;
2479 : 84;
247a : 44;
247b : bb;
247c : 51;
247d : b6;
247e : 87;
247f : 79;
2480 : e2;
2481 : d6;
2482 : ef;
2483 : d1;
2484 : 79;
2485 : fd;
2486 : 78;
2487 : 69;
2488 : 2d;
2489 : 39;
248a : 22;
248b : 06;
248c : 58;
248d : 90;
248e : 43;
248f : 7c;
2490 : 1a;
2491 : 3e;
2492 : c5;
2493 : bf;
2494 : 21;
2495 : dc;
2496 : 5f;
2497 : 3e;
2498 : 9a;
2499 : 96;
249a : 8a;
249b : 69;
249c : f2;
249d : 66;
249e : 78;
249f : 25;
24a0 : cb;
24a1 : fb;
24a2 : ac;
24a3 : 36;
24a4 : ae;
24a5 : 92;
24a6 : f9;
24a7 : de;
24a8 : e0;
24a9 : 8c;
24aa : 42;
24ab : 3d;
24ac : 8d;
24ad : ea;
24ae : 4b;
24af : 41;
24b0 : 52;
24b1 : 67;
24b2 : e8;
24b3 : ce;
24b4 : cf;
24b5 : 4a;
24b6 : 94;
24b7 : 2f;
24b8 : f9;
24b9 : 10;
24ba : e3;
24bb : df;
24bc : 65;
24bd : 67;
24be : 9e;
24bf : ce;
24c0 : 27;
24c1 : 52;
24c2 : e3;
24c3 : 96;
24c4 : 2f;
24c5 : 19;
24c6 : 37;
24c7 : ea;
24c8 : 4b;
24c9 : 00;
24ca : 56;
24cb : 77;
24cc : 78;
24cd : ea;
24ce : d5;
24cf : f0;
24d0 : 7f;
24d1 : ab;
24d2 : 11;
24d3 : ef;
24d4 : 46;
24d5 : b2;
24d6 : e3;
24d7 : 51;
24d8 : 28;
24d9 : 1f;
24da : 58;
24db : 47;
24dc : d6;
24dd : 17;
24de : 26;
24df : f2;
24e0 : c4;
24e1 : 9e;
24e2 : 6f;
24e3 : 61;
24e4 : 34;
24e5 : 55;
24e6 : b7;
24e7 : 97;
24e8 : 9b;
24e9 : 80;
24ea : ff;
24eb : ec;
24ec : ae;
24ed : 79;
24ee : 8b;
24ef : 74;
24f0 : f8;
24f1 : c9;
24f2 : 68;
24f3 : 8a;
24f4 : 52;
24f5 : 9c;
24f6 : e6;
24f7 : 57;
24f8 : 70;
24f9 : 10;
24fa : b7;
24fb : a8;
24fc : b2;
24fd : 2e;
24fe : 93;
24ff : 83;
2500 : 4a;
2501 : f0;
2502 : 78;
2503 : 80;
2504 : b2;
2505 : 06;
2506 : b3;
2507 : a4;
2508 : e2;
2509 : 8e;
250a : 1d;
250b : 62;
250c : 3c;
250d : d4;
250e : 63;
250f : f0;
2510 : 67;
2511 : 1e;
2512 : c2;
2513 : 7e;
2514 : 50;
2515 : 6e;
2516 : bb;
2517 : 03;
2518 : c8;
2519 : 60;
251a : 29;
251b : ea;
251c : b1;
251d : 98;
251e : db;
251f : 50;
2520 : 10;
2521 : b1;
2522 : c7;
2523 : 75;
2524 : 34;
2525 : 2a;
2526 : c6;
2527 : fb;
2528 : 85;
2529 : f3;
252a : 0a;
252b : b0;
252c : 22;
252d : ba;
252e : 73;
252f : 3a;
2530 : 97;
2531 : f1;
2532 : 3d;
2533 : f2;
2534 : 8c;
2535 : c8;
2536 : 6f;
2537 : 8a;
2538 : e0;
2539 : 79;
253a : 0b;
253b : 46;
253c : 19;
253d : a6;
253e : a3;
253f : 48;
2540 : ba;
2541 : c5;
2542 : 08;
2543 : 86;
2544 : 69;
2545 : 49;
2546 : 80;
2547 : 2f;
2548 : ab;
2549 : d9;
254a : b7;
254b : a3;
254c : bb;
254d : e7;
254e : 0f;
254f : fe;
2550 : d7;
2551 : e3;
2552 : 81;
2553 : 9a;
2554 : 67;
2555 : 0e;
2556 : 59;
2557 : 6d;
2558 : c7;
2559 : d7;
255a : 13;
255b : 65;
255c : a7;
255d : 38;
255e : 08;
255f : 29;
2560 : 2d;
2561 : 82;
2562 : 5c;
2563 : 97;
2564 : 3e;
2565 : 29;
2566 : e1;
2567 : de;
2568 : 28;
2569 : 60;
256a : 2d;
256b : 86;
256c : 30;
256d : 40;
256e : 11;
256f : 55;
2570 : 82;
2571 : 46;
2572 : a9;
2573 : 64;
2574 : fd;
2575 : 09;
2576 : 8e;
2577 : 0b;
2578 : cd;
2579 : 34;
257a : ab;
257b : 52;
257c : 44;
257d : 8d;
257e : 7f;
257f : b2;
2580 : f1;
2581 : 0e;
2582 : c1;
2583 : 0b;
2584 : d0;
2585 : 2e;
2586 : 30;
2587 : a3;
2588 : 68;
2589 : bf;
258a : 04;
258b : 1d;
258c : 90;
258d : 5e;
258e : ee;
258f : 0d;
2590 : 47;
2591 : e9;
2592 : ab;
2593 : c2;
2594 : 7a;
2595 : 54;
2596 : 1d;
2597 : c7;
2598 : f5;
2599 : cb;
259a : c8;
259b : 2c;
259c : e6;
259d : c6;
259e : 60;
259f : 68;
25a0 : 1e;
25a1 : 70;
25a2 : 0c;
25a3 : cf;
25a4 : 31;
25a5 : 9a;
25a6 : 01;
25a7 : 90;
25a8 : b4;
25a9 : 1b;
25aa : 17;
25ab : 6c;
25ac : 07;
25ad : 87;
25ae : df;
25af : 70;
25b0 : d1;
25b1 : dd;
25b2 : 53;
25b3 : 82;
25b4 : f0;
25b5 : bf;
25b6 : 61;
25b7 : d9;
25b8 : a2;
25b9 : fa;
25ba : 24;
25bb : 20;
25bc : ac;
25bd : e3;
25be : 27;
25bf : e8;
25c0 : 61;
25c1 : cd;
25c2 : 89;
25c3 : 28;
25c4 : 63;
25c5 : d5;
25c6 : b8;
25c7 : 01;
25c8 : 37;
25c9 : b4;
25ca : 62;
25cb : f8;
25cc : 1d;
25cd : 0d;
25ce : a4;
25cf : 61;
25d0 : ee;
25d1 : 0c;
25d2 : ef;
25d3 : e3;
25d4 : 6d;
25d5 : b3;
25d6 : ef;
25d7 : 81;
25d8 : e3;
25d9 : 60;
25da : c6;
25db : 0d;
25dc : 97;
25dd : 51;
25de : e1;
25df : 6f;
25e0 : 6c;
25e1 : 62;
25e2 : a9;
25e3 : cf;
25e4 : 7b;
25e5 : 2a;
25e6 : 72;
25e7 : b2;
25e8 : d5;
25e9 : ef;
25ea : f7;
25eb : 84;
25ec : be;
25ed : e1;
25ee : f3;
25ef : 41;
25f0 : 6a;
25f1 : b2;
25f2 : b1;
25f3 : 58;
25f4 : df;
25f5 : d6;
25f6 : b9;
25f7 : 42;
25f8 : 4f;
25f9 : 0f;
25fa : ce;
25fb : e7;
25fc : 0f;
25fd : 68;
25fe : 80;
25ff : e4;
2600 : 44;
2601 : 16;
2602 : 56;
2603 : 4a;
2604 : bd;
2605 : e5;
2606 : 33;
2607 : d0;
2608 : 6e;
2609 : 23;
260a : 28;
260b : a2;
260c : 80;
260d : 17;
260e : 5d;
260f : cd;
2610 : 10;
2611 : c4;
2612 : 6a;
2613 : dc;
2614 : f7;
2615 : 6a;
2616 : 59;
2617 : ff;
2618 : 1a;
2619 : bf;
261a : f5;
261b : 70;
261c : 79;
261d : a8;
261e : 02;
261f : ee;
2620 : 94;
2621 : ae;
2622 : 6d;
2623 : 76;
2624 : df;
2625 : e2;
2626 : ee;
2627 : ca;
2628 : f4;
2629 : c9;
262a : 2e;
262b : 9c;
262c : 31;
262d : 4b;
262e : 97;
262f : b7;
2630 : 6a;
2631 : ef;
2632 : 1f;
2633 : 90;
2634 : 3e;
2635 : 2c;
2636 : eb;
2637 : e6;
2638 : 9c;
2639 : d2;
263a : 16;
263b : 42;
263c : e3;
263d : c9;
263e : f0;
263f : 28;
2640 : 27;
2641 : ec;
2642 : 88;
2643 : e9;
2644 : 7a;
2645 : 13;
2646 : bc;
2647 : 54;
2648 : c7;
2649 : d3;
264a : 66;
264b : cb;
264c : 42;
264d : a2;
264e : 1f;
264f : 3f;
2650 : 91;
2651 : 5a;
2652 : 03;
2653 : 32;
2654 : ce;
2655 : 96;
2656 : 82;
2657 : 98;
2658 : 51;
2659 : c9;
265a : b8;
265b : 71;
265c : 95;
265d : c9;
265e : c8;
265f : ea;
2660 : da;
2661 : 8c;
2662 : 15;
2663 : 08;
2664 : cb;
2665 : ad;
2666 : e2;
2667 : 1a;
2668 : 20;
2669 : c2;
266a : 47;
266b : da;
266c : e0;
266d : 03;
266e : fc;
266f : 50;
2670 : 03;
2671 : 48;
2672 : 85;
2673 : c5;
2674 : e8;
2675 : d4;
2676 : fe;
2677 : 7e;
2678 : 3b;
2679 : b6;
267a : e4;
267b : fe;
267c : 2d;
267d : 26;
267e : 8b;
267f : da;
2680 : d3;
2681 : 04;
2682 : ae;
2683 : 55;
2684 : a7;
2685 : 12;
2686 : ed;
2687 : 3a;
2688 : a8;
2689 : 10;
268a : a7;
268b : 21;
268c : e8;
268d : 66;
268e : 7b;
268f : e1;
2690 : 14;
2691 : d5;
2692 : 9a;
2693 : 06;
2694 : ac;
2695 : ae;
2696 : 5f;
2697 : 82;
2698 : 64;
2699 : 5b;
269a : 1b;
269b : a3;
269c : d2;
269d : a5;
269e : ba;
269f : 59;
26a0 : 3b;
26a1 : 0f;
26a2 : 75;
26a3 : 40;
26a4 : 69;
26a5 : 6f;
26a6 : 24;
26a7 : 14;
26a8 : 54;
26a9 : 43;
26aa : 94;
26ab : 5e;
26ac : 58;
26ad : 61;
26ae : 5e;
26af : 4f;
26b0 : 41;
26b1 : 3b;
26b2 : f7;
26b3 : 20;
26b4 : 8e;
26b5 : fb;
26b6 : 34;
26b7 : a3;
26b8 : cd;
26b9 : bf;
26ba : 73;
26bb : a1;
26bc : bf;
26bd : 88;
26be : f0;
26bf : 6c;
26c0 : 35;
26c1 : e9;
26c2 : 36;
26c3 : 33;
26c4 : a4;
26c5 : a9;
26c6 : ed;
26c7 : 1e;
26c8 : c2;
26c9 : fd;
26ca : e2;
26cb : 66;
26cc : 77;
26cd : 61;
26ce : 7c;
26cf : c8;
26d0 : 57;
26d1 : 07;
26d2 : 8d;
26d3 : 38;
26d4 : a1;
26d5 : 13;
26d6 : bc;
26d7 : a1;
26d8 : 13;
26d9 : 36;
26da : dc;
26db : 04;
26dc : e6;
26dd : 9e;
26de : 65;
26df : 32;
26e0 : 9c;
26e1 : 27;
26e2 : a2;
26e3 : 6d;
26e4 : a8;
26e5 : 7c;
26e6 : b8;
26e7 : bb;
26e8 : 80;
26e9 : 17;
26ea : 5d;
26eb : 06;
26ec : 8c;
26ed : 90;
26ee : d2;
26ef : 9a;
26f0 : e8;
26f1 : 0d;
26f2 : 2c;
26f3 : eb;
26f4 : aa;
26f5 : 09;
26f6 : 3f;
26f7 : 93;
26f8 : 62;
26f9 : 1e;
26fa : df;
26fb : d0;
26fc : 1e;
26fd : 87;
26fe : 76;
26ff : 1b;
2700 : 89;
2701 : bf;
2702 : fb;
2703 : e0;
2704 : 94;
2705 : d0;
2706 : b0;
2707 : f3;
2708 : e0;
2709 : b2;
270a : e3;
270b : 5f;
270c : df;
270d : 19;
270e : df;
270f : 23;
2710 : 1f;
2711 : ad;
2712 : 57;
2713 : 1c;
2714 : e5;
2715 : fa;
2716 : ea;
2717 : 09;
2718 : 61;
2719 : a5;
271a : b3;
271b : 0e;
271c : 44;
271d : 54;
271e : 90;
271f : 32;
2720 : 6b;
2721 : 99;
2722 : 6f;
2723 : da;
2724 : 9e;
2725 : a5;
2726 : 00;
2727 : 6b;
2728 : 04;
2729 : ed;
272a : 30;
272b : 86;
272c : 1c;
272d : 60;
272e : 44;
272f : 80;
2730 : 68;
2731 : df;
2732 : cd;
2733 : e3;
2734 : 4f;
2735 : 73;
2736 : 3d;
2737 : a4;
2738 : ec;
2739 : 9d;
273a : 35;
273b : 2c;
273c : 4c;
273d : 73;
273e : 6a;
273f : 67;
2740 : c2;
2741 : 9b;
2742 : 85;
2743 : 93;
2744 : 3f;
2745 : 78;
2746 : b6;
2747 : 1d;
2748 : 7d;
2749 : 4d;
274a : fb;
274b : 5b;
274c : 5c;
274d : c8;
274e : 5b;
274f : f5;
2750 : 6a;
2751 : 4e;
2752 : 29;
2753 : 16;
2754 : 02;
2755 : 8d;
2756 : cb;
2757 : 69;
2758 : 71;
2759 : 60;
275a : 0e;
275b : e4;
275c : 54;
275d : a5;
275e : fe;
275f : 1e;
2760 : 30;
2761 : fb;
2762 : d3;
2763 : dd;
2764 : 5c;
2765 : 54;
2766 : 9f;
2767 : 1a;
2768 : 17;
2769 : 46;
276a : 90;
276b : ca;
276c : a8;
276d : 3f;
276e : 5f;
276f : 84;
2770 : 5f;
2771 : 76;
2772 : 09;
2773 : 46;
2774 : 4a;
2775 : e8;
2776 : dd;
2777 : 69;
2778 : e6;
2779 : e3;
277a : d3;
277b : a2;
277c : fb;
277d : 9f;
277e : a2;
277f : 56;
2780 : d0;
2781 : 63;
2782 : bf;
2783 : 94;
2784 : f4;
2785 : 96;
2786 : c5;
2787 : 86;
2788 : e2;
2789 : 3b;
278a : 1c;
278b : a1;
278c : 80;
278d : f1;
278e : 2b;
278f : 48;
2790 : d2;
2791 : 37;
2792 : b0;
2793 : e9;
2794 : 14;
2795 : 48;
2796 : f6;
2797 : 65;
2798 : 0d;
2799 : f0;
279a : 08;
279b : 4c;
279c : d0;
279d : fe;
279e : b7;
279f : 27;
27a0 : 42;
27a1 : 96;
27a2 : 25;
27a3 : 35;
27a4 : 81;
27a5 : 74;
27a6 : 89;
27a7 : b9;
27a8 : e0;
27a9 : ef;
27aa : a1;
27ab : 38;
27ac : 54;
27ad : 75;
27ae : e7;
27af : fe;
27b0 : cc;
27b1 : f5;
27b2 : a4;
27b3 : 6f;
27b4 : c5;
27b5 : 22;
27b6 : b6;
27b7 : 2a;
27b8 : 81;
27b9 : c1;
27ba : 4d;
27bb : 45;
27bc : 6b;
27bd : e7;
27be : 58;
27bf : fe;
27c0 : a0;
27c1 : 79;
27c2 : 44;
27c3 : e8;
27c4 : 15;
27c5 : 59;
27c6 : a7;
27c7 : 26;
27c8 : b6;
27c9 : 10;
27ca : 2f;
27cb : e3;
27cc : 61;
27cd : 8f;
27ce : e6;
27cf : f5;
27d0 : 4c;
27d1 : 7b;
27d2 : b4;
27d3 : 66;
27d4 : aa;
27d5 : 9b;
27d6 : b5;
27d7 : e2;
27d8 : 82;
27d9 : 6c;
27da : 78;
27db : c7;
27dc : e8;
27dd : 64;
27de : 87;
27df : c4;
27e0 : 01;
27e1 : 8f;
27e2 : 24;
27e3 : fc;
27e4 : 61;
27e5 : 7d;
27e6 : a9;
27e7 : bf;
27e8 : 27;
27e9 : cd;
27ea : 6f;
27eb : d3;
27ec : 75;
27ed : 2e;
27ee : 96;
27ef : d6;
27f0 : 3f;
27f1 : a6;
27f2 : 68;
27f3 : 00;
27f4 : c8;
27f5 : f3;
27f6 : dc;
27f7 : a4;
27f8 : 1f;
27f9 : 5e;
27fa : e0;
27fb : 4b;
27fc : fc;
27fd : 60;
27fe : 83;
27ff : 11;
2800 : 59;
2801 : ed;
2802 : 73;
2803 : 46;
2804 : 15;
2805 : fb;
2806 : cb;
2807 : f1;
2808 : f8;
2809 : a2;
280a : 45;
280b : 07;
280c : 9e;
280d : 81;
280e : 77;
280f : 47;
2810 : 01;
2811 : 70;
2812 : ca;
2813 : f0;
2814 : 55;
2815 : 12;
2816 : 37;
2817 : 71;
2818 : 78;
2819 : 45;
281a : c2;
281b : 4d;
281c : 22;
281d : 56;
281e : 58;
281f : d6;
2820 : bb;
2821 : f6;
2822 : e3;
2823 : 3c;
2824 : 71;
2825 : 25;
2826 : 91;
2827 : 0a;
2828 : 66;
2829 : f3;
282a : da;
282b : 4f;
282c : 68;
282d : 73;
282e : bb;
282f : 06;
2830 : 88;
2831 : da;
2832 : 64;
2833 : a6;
2834 : a1;
2835 : d4;
2836 : c5;
2837 : 9b;
2838 : 34;
2839 : 20;
283a : cb;
283b : b7;
283c : 47;
283d : 41;
283e : 39;
283f : 1d;
2840 : 1f;
2841 : 3c;
2842 : 28;
2843 : 41;
2844 : e1;
2845 : 1a;
2846 : 55;
2847 : 18;
2848 : 5f;
2849 : 91;
284a : 5b;
284b : 75;
284c : 3f;
284d : da;
284e : 30;
284f : 26;
2850 : 21;
2851 : e4;
2852 : 69;
2853 : 30;
2854 : c7;
2855 : ac;
2856 : e4;
2857 : 9a;
2858 : 22;
2859 : 94;
285a : 8c;
285b : 49;
285c : 1c;
285d : 2b;
285e : 0b;
285f : f6;
2860 : 6f;
2861 : 15;
2862 : 6f;
2863 : cb;
2864 : 25;
2865 : ac;
2866 : 9d;
2867 : f1;
2868 : 1a;
2869 : 61;
286a : 37;
286b : 4b;
286c : 3f;
286d : 33;
286e : 46;
286f : a0;
2870 : bf;
2871 : 89;
2872 : 8f;
2873 : cf;
2874 : 5e;
2875 : 72;
2876 : cb;
2877 : d4;
2878 : 48;
2879 : f0;
287a : 4a;
287b : b5;
287c : e0;
287d : 43;
287e : 84;
287f : b6;
2880 : 61;
2881 : 29;
2882 : 6f;
2883 : 5f;
2884 : 5e;
2885 : 45;
2886 : ab;
2887 : f2;
2888 : 7b;
2889 : c9;
288a : 99;
288b : 2e;
288c : 0d;
288d : 1b;
288e : 1e;
288f : 7b;
2890 : 92;
2891 : 92;
2892 : 41;
2893 : 55;
2894 : fd;
2895 : 33;
2896 : 44;
2897 : 97;
2898 : ea;
2899 : 49;
289a : 6c;
289b : ff;
289c : 86;
289d : 51;
289e : db;
289f : 60;
28a0 : c7;
28a1 : 6f;
28a2 : a1;
28a3 : b3;
28a4 : 6c;
28a5 : 5d;
28a6 : 1f;
28a7 : 6c;
28a8 : ab;
28a9 : 9d;
28aa : ba;
28ab : 70;
28ac : 87;
28ad : 53;
28ae : ef;
28af : ef;
28b0 : c7;
28b1 : a7;
28b2 : 3a;
28b3 : 75;
28b4 : 1a;
28b5 : 25;
28b6 : 58;
28b7 : ad;
28b8 : ab;
28b9 : c7;
28ba : f3;
28bb : 3e;
28bc : 0a;
28bd : 93;
28be : 94;
28bf : 7f;
28c0 : cf;
28c1 : a7;
28c2 : 91;
28c3 : 8e;
28c4 : d5;
28c5 : 9a;
28c6 : d8;
28c7 : 30;
28c8 : 1c;
28c9 : fb;
28ca : 5d;
28cb : ee;
28cc : d8;
28cd : 21;
28ce : 49;
28cf : 02;
28d0 : ae;
28d1 : 3b;
28d2 : d2;
28d3 : 36;
28d4 : 4d;
28d5 : 1c;
28d6 : 80;
28d7 : ec;
28d8 : a3;
28d9 : 5c;
28da : ac;
28db : e7;
28dc : 50;
28dd : 5c;
28de : 75;
28df : 72;
28e0 : b0;
28e1 : c5;
28e2 : 9e;
28e3 : 21;
28e4 : fa;
28e5 : eb;
28e6 : 76;
28e7 : 6a;
28e8 : b8;
28e9 : 65;
28ea : a5;
28eb : e8;
28ec : d6;
28ed : c1;
28ee : 21;
28ef : ba;
28f0 : 9c;
28f1 : 62;
28f2 : 2e;
28f3 : 3a;
28f4 : 0f;
28f5 : 4a;
28f6 : 86;
28f7 : 97;
28f8 : 11;
28f9 : 48;
28fa : 51;
28fb : 00;
28fc : 60;
28fd : ac;
28fe : e9;
28ff : c5;
2900 : 87;
2901 : 82;
2902 : 7a;
2903 : 54;
2904 : 39;
2905 : 18;
2906 : 24;
2907 : a5;
2908 : 7d;
2909 : 54;
290a : c5;
290b : 76;
290c : f1;
290d : d3;
290e : 7e;
290f : 5f;
2910 : 3d;
2911 : 61;
2912 : d5;
2913 : ba;
2914 : 9c;
2915 : 27;
2916 : ad;
2917 : 66;
2918 : af;
2919 : dc;
291a : 2e;
291b : 6b;
291c : 86;
291d : aa;
291e : 23;
291f : 1a;
2920 : f8;
2921 : 1c;
2922 : 13;
2923 : ae;
2924 : e0;
2925 : bf;
2926 : dc;
2927 : 4a;
2928 : f4;
2929 : 00;
292a : 32;
292b : 1c;
292c : 84;
292d : fb;
292e : 4c;
292f : ab;
2930 : b4;
2931 : 89;
2932 : 96;
2933 : 0a;
2934 : a4;
2935 : f2;
2936 : 8c;
2937 : 7a;
2938 : e2;
2939 : 86;
293a : 25;
293b : 0b;
293c : 56;
293d : 59;
293e : 1e;
293f : 07;
2940 : 28;
2941 : 2b;
2942 : 10;
2943 : d3;
2944 : 12;
2945 : b7;
2946 : 1b;
2947 : a8;
2948 : 65;
2949 : 2b;
294a : 6b;
294b : 26;
294c : e8;
294d : ce;
294e : 08;
294f : 7b;
2950 : fb;
2951 : 4e;
2952 : 69;
2953 : ff;
2954 : d3;
2955 : b8;
2956 : b2;
2957 : 04;
2958 : cf;
2959 : ea;
295a : 0b;
295b : 6f;
295c : 12;
295d : e4;
295e : 41;
295f : 66;
2960 : 06;
2961 : 27;
2962 : e5;
2963 : 59;
2964 : 95;
2965 : f6;
2966 : 1f;
2967 : dc;
2968 : d4;
2969 : af;
296a : b1;
296b : 80;
296c : bd;
296d : 76;
296e : c2;
296f : ad;
2970 : f2;
2971 : 40;
2972 : 8e;
2973 : 5c;
2974 : d4;
2975 : 3b;
2976 : 54;
2977 : 3e;
2978 : 7f;
2979 : 45;
297a : 35;
297b : 9f;
297c : 1c;
297d : 8e;
297e : 4d;
297f : f7;
2980 : 49;
2981 : c9;
2982 : f7;
2983 : 16;
2984 : dd;
2985 : ae;
2986 : 0a;
2987 : a2;
2988 : 8c;
2989 : a3;
298a : fc;
298b : be;
298c : 21;
298d : 05;
298e : 60;
298f : fa;
2990 : 25;
2991 : 92;
2992 : 63;
2993 : 97;
2994 : ad;
2995 : a1;
2996 : 06;
2997 : 6a;
2998 : ae;
2999 : 23;
299a : 2e;
299b : c2;
299c : 14;
299d : 8e;
299e : b4;
299f : 6c;
29a0 : 31;
29a1 : 5a;
29a2 : eb;
29a3 : 3f;
29a4 : 7a;
29a5 : a9;
29a6 : 45;
29a7 : d3;
29a8 : f8;
29a9 : bb;
29aa : 00;
29ab : bf;
29ac : d3;
29ad : 28;
29ae : bb;
29af : 09;
29b0 : 9d;
29b1 : 99;
29b2 : 31;
29b3 : 72;
29b4 : a3;
29b5 : cc;
29b6 : af;
29b7 : fb;
29b8 : 0d;
29b9 : 28;
29ba : 98;
29bb : 76;
29bc : a8;
29bd : 4a;
29be : 44;
29bf : 52;
29c0 : 4e;
29c1 : 68;
29c2 : 4d;
29c3 : 07;
29c4 : 7c;
29c5 : bb;
29c6 : 45;
29c7 : c1;
29c8 : 50;
29c9 : 8f;
29ca : 7f;
29cb : 46;
29cc : f3;
29cd : 5d;
29ce : c4;
29cf : 18;
29d0 : 1c;
29d1 : 1a;
29d2 : 9a;
29d3 : 75;
29d4 : 73;
29d5 : 46;
29d6 : 5a;
29d7 : 49;
29d8 : c9;
29d9 : c9;
29da : 5c;
29db : 1c;
29dc : ba;
29dd : a6;
29de : a6;
29df : 95;
29e0 : bb;
29e1 : ee;
29e2 : c5;
29e3 : d1;
29e4 : db;
29e5 : ef;
29e6 : 72;
29e7 : 85;
29e8 : 1f;
29e9 : b5;
29ea : a4;
29eb : e1;
29ec : 8a;
29ed : e7;
29ee : 18;
29ef : b2;
29f0 : 15;
29f1 : 06;
29f2 : d5;
29f3 : 31;
29f4 : ed;
29f5 : 08;
29f6 : f4;
29f7 : 78;
29f8 : fa;
29f9 : ae;
29fa : b6;
29fb : 30;
29fc : 6a;
29fd : 5e;
29fe : 74;
29ff : 70;
2a00 : 1e;
2a01 : 0b;
2a02 : 10;
2a03 : 6a;
2a04 : 1e;
2a05 : c4;
2a06 : 33;
2a07 : c5;
2a08 : ea;
2a09 : 7e;
2a0a : 74;
2a0b : 39;
2a0c : 70;
2a0d : 08;
2a0e : fe;
2a0f : 9a;
2a10 : f8;
2a11 : 8c;
2a12 : b0;
2a13 : a7;
2a14 : 56;
2a15 : a6;
2a16 : cc;
2a17 : 2a;
2a18 : 66;
2a19 : 28;
2a1a : 38;
2a1b : b5;
2a1c : 92;
2a1d : 03;
2a1e : 6b;
2a1f : 8f;
2a20 : 37;
2a21 : 41;
2a22 : c9;
2a23 : 91;
2a24 : 28;
2a25 : 3a;
2a26 : ea;
2a27 : 15;
2a28 : ac;
2a29 : e5;
2a2a : ea;
2a2b : 13;
2a2c : 14;
2a2d : 3d;
2a2e : 81;
2a2f : 55;
2a30 : 2b;
2a31 : 43;
2a32 : 9c;
2a33 : c5;
2a34 : c6;
2a35 : 9a;
2a36 : ec;
2a37 : a1;
2a38 : 82;
2a39 : 68;
2a3a : 4c;
2a3b : e2;
2a3c : c1;
2a3d : a1;
2a3e : 50;
2a3f : e3;
2a40 : 51;
2a41 : f5;
2a42 : 36;
2a43 : 18;
2a44 : d2;
2a45 : f8;
2a46 : 14;
2a47 : 8d;
2a48 : 15;
2a49 : ba;
2a4a : 9c;
2a4b : ea;
2a4c : d6;
2a4d : 9e;
2a4e : 2e;
2a4f : ec;
2a50 : 6e;
2a51 : cb;
2a52 : a8;
2a53 : 6e;
2a54 : 24;
2a55 : 9a;
2a56 : 07;
2a57 : 9e;
2a58 : 27;
2a59 : cb;
2a5a : 98;
2a5b : cc;
2a5c : 66;
2a5d : 28;
2a5e : 18;
2a5f : 76;
2a60 : 93;
2a61 : 80;
2a62 : 02;
2a63 : 66;
2a64 : 18;
2a65 : 70;
2a66 : 42;
2a67 : c7;
2a68 : 25;
2a69 : b2;
2a6a : 0f;
2a6b : 5d;
2a6c : e6;
2a6d : f2;
2a6e : 1f;
2a6f : 1e;
2a70 : 0c;
2a71 : 52;
2a72 : 93;
2a73 : 7e;
2a74 : 10;
2a75 : 6c;
2a76 : cb;
2a77 : 16;
2a78 : ee;
2a79 : 78;
2a7a : e9;
2a7b : f9;
2a7c : e9;
2a7d : 42;
2a7e : df;
2a7f : 81;
2a80 : 95;
2a81 : da;
2a82 : 61;
2a83 : 0d;
2a84 : 08;
2a85 : 5b;
2a86 : 9a;
2a87 : 7f;
2a88 : 97;
2a89 : df;
2a8a : d1;
2a8b : f5;
2a8c : 69;
2a8d : da;
2a8e : 00;
2a8f : c3;
2a90 : 57;
2a91 : 29;
2a92 : 8b;
2a93 : 6e;
2a94 : 3b;
2a95 : 74;
2a96 : 9d;
2a97 : 04;
2a98 : 20;
2a99 : 7d;
2a9a : 47;
2a9b : 06;
2a9c : 6a;
2a9d : ac;
2a9e : 9d;
2a9f : 83;
2aa0 : 29;
2aa1 : 1e;
2aa2 : 2e;
2aa3 : 64;
2aa4 : da;
2aa5 : 38;
2aa6 : a0;
2aa7 : d8;
2aa8 : 41;
2aa9 : b4;
2aaa : fa;
2aab : b0;
2aac : 7e;
2aad : 3f;
2aae : d6;
2aaf : 17;
2ab0 : e3;
2ab1 : 64;
2ab2 : 6f;
2ab3 : a8;
2ab4 : ee;
2ab5 : d9;
2ab6 : 0c;
2ab7 : 72;
2ab8 : 6b;
2ab9 : 00;
2aba : 6c;
2abb : 7b;
2abc : e2;
2abd : a6;
2abe : 37;
2abf : 8f;
2ac0 : 02;
2ac1 : 62;
2ac2 : dd;
2ac3 : 5b;
2ac4 : e5;
2ac5 : e6;
2ac6 : 67;
2ac7 : 2f;
2ac8 : cd;
2ac9 : 39;
2aca : 2e;
2acb : a3;
2acc : 7d;
2acd : 21;
2ace : c0;
2acf : b1;
2ad0 : 62;
2ad1 : 9a;
2ad2 : c7;
2ad3 : 82;
2ad4 : 52;
2ad5 : f6;
2ad6 : fc;
2ad7 : 01;
2ad8 : 89;
2ad9 : 32;
2ada : d9;
2adb : ce;
2adc : 9a;
2add : 3f;
2ade : b5;
2adf : f5;
2ae0 : 95;
2ae1 : b0;
2ae2 : 21;
2ae3 : a0;
2ae4 : 4d;
2ae5 : f2;
2ae6 : 87;
2ae7 : a4;
2ae8 : 04;
2ae9 : d5;
2aea : 98;
2aeb : d9;
2aec : c3;
2aed : bf;
2aee : 78;
2aef : 96;
2af0 : d2;
2af1 : 4c;
2af2 : 38;
2af3 : 22;
2af4 : 68;
2af5 : 3c;
2af6 : 92;
2af7 : 41;
2af8 : 18;
2af9 : dc;
2afa : 79;
2afb : 88;
2afc : 36;
2afd : e7;
2afe : 93;
2aff : 4b;
2b00 : c7;
2b01 : ce;
2b02 : 16;
2b03 : 00;
2b04 : c1;
2b05 : b1;
2b06 : cc;
2b07 : 5c;
2b08 : 0e;
2b09 : a8;
2b0a : b6;
2b0b : fa;
2b0c : 91;
2b0d : 25;
2b0e : 01;
2b0f : a0;
2b10 : 65;
2b11 : 0f;
2b12 : e6;
2b13 : 29;
2b14 : e5;
2b15 : da;
2b16 : 21;
2b17 : 02;
2b18 : 5d;
2b19 : 5b;
2b1a : f4;
2b1b : d0;
2b1c : e1;
2b1d : 1e;
2b1e : 98;
2b1f : 99;
2b20 : 96;
2b21 : 01;
2b22 : 71;
2b23 : 63;
2b24 : ee;
2b25 : 0e;
2b26 : 06;
2b27 : 87;
2b28 : 55;
2b29 : 59;
2b2a : 88;
2b2b : ef;
2b2c : cf;
2b2d : cf;
2b2e : b1;
2b2f : c6;
2b30 : 33;
2b31 : 24;
2b32 : 02;
2b33 : ff;
2b34 : 7b;
2b35 : 07;
2b36 : 08;
2b37 : f1;
2b38 : 27;
2b39 : 6c;
2b3a : 6e;
2b3b : 5e;
2b3c : 89;
2b3d : 21;
2b3e : 3b;
2b3f : 70;
2b40 : 07;
2b41 : 6c;
2b42 : 99;
2b43 : fe;
2b44 : e8;
2b45 : 16;
2b46 : 8c;
2b47 : 4f;
2b48 : 20;
2b49 : fd;
2b4a : a4;
2b4b : ac;
2b4c : c5;
2b4d : fe;
2b4e : ef;
2b4f : ff;
2b50 : 2e;
2b51 : 4b;
2b52 : a8;
2b53 : 42;
2b54 : d4;
2b55 : 89;
2b56 : 98;
2b57 : a7;
2b58 : 99;
2b59 : 73;
2b5a : 98;
2b5b : 36;
2b5c : da;
2b5d : 4f;
2b5e : 96;
2b5f : 1f;
2b60 : 2e;
2b61 : 98;
2b62 : 1b;
2b63 : 07;
2b64 : 72;
2b65 : 22;
2b66 : 27;
2b67 : 3f;
2b68 : 3f;
2b69 : 58;
2b6a : d8;
2b6b : 63;
2b6c : 15;
2b6d : 1f;
2b6e : cd;
2b6f : 99;
2b70 : 26;
2b71 : 28;
2b72 : 90;
2b73 : 7a;
2b74 : 6e;
2b75 : 09;
2b76 : 77;
2b77 : 9b;
2b78 : 0e;
2b79 : 89;
2b7a : 57;
2b7b : 88;
2b7c : da;
2b7d : ee;
2b7e : 94;
2b7f : e3;
2b80 : 9a;
2b81 : ea;
2b82 : c5;
2b83 : c6;
2b84 : f8;
2b85 : 0c;
2b86 : 39;
2b87 : 28;
2b88 : 85;
2b89 : 05;
2b8a : a5;
2b8b : 1c;
2b8c : 56;
2b8d : 26;
2b8e : 01;
2b8f : ee;
2b90 : 9e;
2b91 : c5;
2b92 : 72;
2b93 : 00;
2b94 : 20;
2b95 : 81;
2b96 : 2e;
2b97 : 63;
2b98 : 51;
2b99 : 38;
2b9a : 0c;
2b9b : e0;
2b9c : 53;
2b9d : e7;
2b9e : 44;
2b9f : 7e;
2ba0 : 20;
2ba1 : 0a;
2ba2 : ca;
2ba3 : aa;
2ba4 : 9b;
2ba5 : 5c;
2ba6 : 4f;
2ba7 : de;
2ba8 : 7b;
2ba9 : 9a;
2baa : 22;
2bab : 91;
2bac : a5;
2bad : c8;
2bae : 91;
2baf : fb;
2bb0 : c4;
2bb1 : 51;
2bb2 : 95;
2bb3 : 59;
2bb4 : 04;
2bb5 : e9;
2bb6 : da;
2bb7 : aa;
2bb8 : 57;
2bb9 : fe;
2bba : 07;
2bbb : a4;
2bbc : 62;
2bbd : f5;
2bbe : 26;
2bbf : d0;
2bc0 : c8;
2bc1 : a2;
2bc2 : bb;
2bc3 : 40;
2bc4 : 1a;
2bc5 : 1c;
2bc6 : 5b;
2bc7 : d5;
2bc8 : 82;
2bc9 : a3;
2bca : 44;
2bcb : 33;
2bcc : 61;
2bcd : a7;
2bce : 08;
2bcf : 2d;
2bd0 : 17;
2bd1 : af;
2bd2 : 6d;
2bd3 : 98;
2bd4 : ac;
2bd5 : 0c;
2bd6 : 60;
2bd7 : 28;
2bd8 : 2f;
2bd9 : 9b;
2bda : bb;
2bdb : 13;
2bdc : 13;
2bdd : 5a;
2bde : bf;
2bdf : 98;
2be0 : af;
2be1 : d7;
2be2 : 85;
2be3 : 54;
2be4 : 0c;
2be5 : ca;
2be6 : 8e;
2be7 : 4c;
2be8 : b6;
2be9 : 1e;
2bea : b5;
2beb : 3b;
2bec : e8;
2bed : de;
2bee : 77;
2bef : d4;
2bf0 : 82;
2bf1 : 85;
2bf2 : 7e;
2bf3 : 0f;
2bf4 : 96;
2bf5 : 96;
2bf6 : fe;
2bf7 : 49;
2bf8 : 2b;
2bf9 : 5c;
2bfa : cd;
2bfb : e4;
2bfc : 50;
2bfd : 05;
2bfe : 29;
2bff : 69;
2c00 : d1;
2c01 : cd;
2c02 : 63;
2c03 : 99;
2c04 : 7e;
2c05 : 0e;
2c06 : be;
2c07 : bb;
2c08 : 0e;
2c09 : 31;
2c0a : f8;
2c0b : 85;
2c0c : c0;
2c0d : 96;
2c0e : b7;
2c0f : 99;
2c10 : df;
2c11 : 15;
2c12 : 7e;
2c13 : 7a;
2c14 : cf;
2c15 : c6;
2c16 : b1;
2c17 : 96;
2c18 : 17;
2c19 : e5;
2c1a : 7b;
2c1b : dd;
2c1c : cd;
2c1d : fd;
2c1e : d7;
2c1f : 1e;
2c20 : e3;
2c21 : 31;
2c22 : 70;
2c23 : 7b;
2c24 : 99;
2c25 : 82;
2c26 : 63;
2c27 : e8;
2c28 : 1f;
2c29 : 56;
2c2a : 65;
2c2b : ba;
2c2c : ae;
2c2d : ef;
2c2e : 33;
2c2f : ce;
2c30 : f2;
2c31 : 5d;
2c32 : c9;
2c33 : 6e;
2c34 : 13;
2c35 : ef;
2c36 : 17;
2c37 : 07;
2c38 : 16;
2c39 : d3;
2c3a : ed;
2c3b : e2;
2c3c : 4a;
2c3d : 12;
2c3e : 65;
2c3f : 53;
2c40 : 24;
2c41 : ec;
2c42 : 39;
2c43 : c2;
2c44 : 1c;
2c45 : 21;
2c46 : c9;
2c47 : 42;
2c48 : 32;
2c49 : 14;
2c4a : 25;
2c4b : 45;
2c4c : 30;
2c4d : 1b;
2c4e : 26;
2c4f : 1d;
2c50 : 85;
2c51 : f9;
2c52 : 24;
2c53 : 5e;
2c54 : f4;
2c55 : 0c;
2c56 : 2e;
2c57 : 30;
2c58 : 30;
2c59 : 07;
2c5a : 6e;
2c5b : 84;
2c5c : bb;
2c5d : a6;
2c5e : bf;
2c5f : 36;
2c60 : c3;
2c61 : 24;
2c62 : 92;
2c63 : 88;
2c64 : 97;
2c65 : f4;
2c66 : 80;
2c67 : ec;
2c68 : 5a;
2c69 : 56;
2c6a : 75;
2c6b : 0a;
2c6c : 71;
2c6d : 0a;
2c6e : d9;
2c6f : e6;
2c70 : fc;
2c71 : a3;
2c72 : d7;
2c73 : 68;
2c74 : a7;
2c75 : 58;
2c76 : 08;
2c77 : ce;
2c78 : ed;
2c79 : 19;
2c7a : ef;
2c7b : 14;
2c7c : 2d;
2c7d : a5;
2c7e : 77;
2c7f : b9;
2c80 : 4f;
2c81 : a2;
2c82 : 76;
2c83 : de;
2c84 : 0a;
2c85 : 43;
2c86 : 78;
2c87 : e0;
2c88 : 76;
2c89 : e8;
2c8a : f2;
2c8b : 2a;
2c8c : 51;
2c8d : 25;
2c8e : c4;
2c8f : 96;
2c90 : 85;
2c91 : c5;
2c92 : 77;
2c93 : ff;
2c94 : a5;
2c95 : b6;
2c96 : 9c;
2c97 : 6e;
2c98 : f5;
2c99 : 44;
2c9a : 3d;
2c9b : 65;
2c9c : 32;
2c9d : 9f;
2c9e : d0;
2c9f : 82;
2ca0 : 3b;
2ca1 : 22;
2ca2 : 8b;
2ca3 : f9;
2ca4 : 7e;
2ca5 : 74;
2ca6 : ed;
2ca7 : e0;
2ca8 : 7f;
2ca9 : ba;
2caa : b0;
2cab : 0d;
2cac : 09;
2cad : 33;
2cae : c7;
2caf : a8;
2cb0 : 83;
2cb1 : a7;
2cb2 : 58;
2cb3 : 33;
2cb4 : 7a;
2cb5 : 3c;
2cb6 : 5c;
2cb7 : ab;
2cb8 : be;
2cb9 : 39;
2cba : 6d;
2cbb : 12;
2cbc : bb;
2cbd : a9;
2cbe : dc;
2cbf : fa;
2cc0 : 84;
2cc1 : 3e;
2cc2 : 41;
2cc3 : 50;
2cc4 : 65;
2cc5 : b5;
2cc6 : 36;
2cc7 : 57;
2cc8 : 68;
2cc9 : 68;
2cca : dd;
2ccb : 27;
2ccc : 05;
2ccd : ab;
2cce : ad;
2ccf : 8b;
2cd0 : e0;
2cd1 : b6;
2cd2 : d3;
2cd3 : b5;
2cd4 : f9;
2cd5 : 03;
2cd6 : bc;
2cd7 : 81;
2cd8 : 6b;
2cd9 : 9f;
2cda : 0e;
2cdb : 93;
2cdc : f0;
2cdd : e7;
2cde : d6;
2cdf : 7d;
2ce0 : 25;
2ce1 : 4b;
2ce2 : eb;
2ce3 : 74;
2ce4 : 07;
2ce5 : 41;
2ce6 : 00;
2ce7 : 5b;
2ce8 : cf;
2ce9 : 1e;
2cea : ae;
2ceb : 04;
2cec : d5;
2ced : b7;
2cee : 61;
2cef : 12;
2cf0 : a1;
2cf1 : c8;
2cf2 : 4a;
2cf3 : ba;
2cf4 : 57;
2cf5 : af;
2cf6 : 16;
2cf7 : c9;
2cf8 : c5;
2cf9 : 66;
2cfa : ec;
2cfb : db;
2cfc : 50;
2cfd : fe;
2cfe : 81;
2cff : 7a;
2d00 : b3;
2d01 : aa;
2d02 : 5e;
2d03 : 92;
2d04 : 8e;
2d05 : 94;
2d06 : 83;
2d07 : f5;
2d08 : 25;
2d09 : 6b;
2d0a : a2;
2d0b : 6a;
2d0c : 60;
2d0d : 91;
2d0e : e8;
2d0f : 2a;
2d10 : 35;
2d11 : 08;
2d12 : 9b;
2d13 : 8f;
2d14 : 2f;
2d15 : a8;
2d16 : 9d;
2d17 : 0c;
2d18 : 01;
2d19 : d6;
2d1a : 1d;
2d1b : 04;
2d1c : 85;
2d1d : 27;
2d1e : 21;
2d1f : a6;
2d20 : f7;
2d21 : 25;
2d22 : f7;
2d23 : 36;
2d24 : be;
2d25 : 10;
2d26 : 8f;
2d27 : e9;
2d28 : 6f;
2d29 : 2f;
2d2a : 68;
2d2b : 59;
2d2c : ea;
2d2d : 8a;
2d2e : 78;
2d2f : 05;
2d30 : 00;
2d31 : f3;
2d32 : 14;
2d33 : 07;
2d34 : 67;
2d35 : f8;
2d36 : 9e;
2d37 : a2;
2d38 : be;
2d39 : a2;
2d3a : f0;
2d3b : 86;
2d3c : 26;
2d3d : f4;
2d3e : 31;
2d3f : 8d;
2d40 : f3;
2d41 : 98;
2d42 : d1;
2d43 : 4a;
2d44 : b5;
2d45 : 13;
2d46 : 71;
2d47 : 12;
2d48 : d9;
2d49 : d4;
2d4a : 86;
2d4b : 65;
2d4c : bc;
2d4d : 27;
2d4e : a6;
2d4f : 28;
2d50 : df;
2d51 : a2;
2d52 : ff;
2d53 : bf;
2d54 : 5d;
2d55 : 56;
2d56 : c5;
2d57 : 64;
2d58 : c2;
2d59 : f0;
2d5a : aa;
2d5b : f5;
2d5c : 24;
2d5d : da;
2d5e : 0b;
2d5f : 96;
2d60 : b8;
2d61 : 3a;
2d62 : df;
2d63 : b8;
2d64 : ca;
2d65 : ff;
2d66 : d9;
2d67 : 72;
2d68 : a2;
2d69 : f3;
2d6a : f7;
2d6b : bf;
2d6c : f0;
2d6d : 7e;
2d6e : 00;
2d6f : 89;
2d70 : 22;
2d71 : b3;
2d72 : 66;
2d73 : 03;
2d74 : e5;
2d75 : c4;
2d76 : 52;
2d77 : 36;
2d78 : 25;
2d79 : 2c;
2d7a : b9;
2d7b : 32;
2d7c : ad;
2d7d : a0;
2d7e : 7c;
2d7f : 99;
2d80 : 44;
2d81 : a7;
2d82 : 95;
2d83 : df;
2d84 : 93;
2d85 : d0;
2d86 : 5d;
2d87 : c0;
2d88 : 2a;
2d89 : 76;
2d8a : 10;
2d8b : eb;
2d8c : 47;
2d8d : a5;
2d8e : 61;
2d8f : 48;
2d90 : 45;
2d91 : 0d;
2d92 : 78;
2d93 : 47;
2d94 : b3;
2d95 : 53;
2d96 : 99;
2d97 : 16;
2d98 : e5;
2d99 : 94;
2d9a : 93;
2d9b : 6b;
2d9c : c7;
2d9d : 64;
2d9e : bc;
2d9f : ce;
2da0 : 29;
2da1 : 7e;
2da2 : 4f;
2da3 : 05;
2da4 : c0;
2da5 : 90;
2da6 : d6;
2da7 : cc;
2da8 : 08;
2da9 : 65;
2daa : c9;
2dab : c6;
2dac : 99;
2dad : c9;
2dae : 0f;
2daf : 05;
2db0 : 1a;
2db1 : 13;
2db2 : 1d;
2db3 : a7;
2db4 : cb;
2db5 : 23;
2db6 : 2f;
2db7 : 7c;
2db8 : 0f;
2db9 : cd;
2dba : cc;
2dbb : f3;
2dbc : 88;
2dbd : a6;
2dbe : 8d;
2dbf : 6d;
2dc0 : 85;
2dc1 : 27;
2dc2 : 85;
2dc3 : 7a;
2dc4 : 15;
2dc5 : c8;
2dc6 : 41;
2dc7 : 6a;
2dc8 : 5e;
2dc9 : e6;
2dca : 6b;
2dcb : bd;
2dcc : cc;
2dcd : 6f;
2dce : 1e;
2dcf : 17;
2dd0 : b0;
2dd1 : 9f;
2dd2 : 42;
2dd3 : 55;
2dd4 : c9;
2dd5 : f1;
2dd6 : d0;
2dd7 : ab;
2dd8 : ac;
2dd9 : 68;
2dda : ee;
2ddb : 7c;
2ddc : d7;
2ddd : a7;
2dde : 4f;
2ddf : 95;
2de0 : fc;
2de1 : b2;
2de2 : 73;
2de3 : 52;
2de4 : 94;
2de5 : 95;
2de6 : ae;
2de7 : 12;
2de8 : 23;
2de9 : 28;
2dea : 75;
2deb : 02;
2dec : 82;
2ded : 8f;
2dee : 76;
2def : 7b;
2df0 : 31;
2df1 : d9;
2df2 : e8;
2df3 : c2;
2df4 : 42;
2df5 : 9b;
2df6 : 2d;
2df7 : f8;
2df8 : 83;
2df9 : d5;
2dfa : 6a;
2dfb : d8;
2dfc : d4;
2dfd : 7d;
2dfe : 6c;
2dff : 90;
2e00 : c6;
2e01 : 81;
2e02 : 58;
2e03 : 91;
2e04 : 68;
2e05 : 24;
2e06 : 3c;
2e07 : b5;
2e08 : f7;
2e09 : d1;
2e0a : 45;
2e0b : 80;
2e0c : 4b;
2e0d : 36;
2e0e : 19;
2e0f : ee;
2e10 : 3e;
2e11 : 22;
2e12 : c6;
2e13 : 9e;
2e14 : f9;
2e15 : 66;
2e16 : 8c;
2e17 : f5;
2e18 : b5;
2e19 : e9;
2e1a : 3b;
2e1b : 1d;
2e1c : 6e;
2e1d : d0;
2e1e : d3;
2e1f : 89;
2e20 : d6;
2e21 : d3;
2e22 : c5;
2e23 : e1;
2e24 : ab;
2e25 : 41;
2e26 : 3f;
2e27 : 84;
2e28 : 26;
2e29 : f2;
2e2a : 07;
2e2b : 2e;
2e2c : 5d;
2e2d : b2;
2e2e : 90;
2e2f : 28;
2e30 : b0;
2e31 : 42;
2e32 : c5;
2e33 : cc;
2e34 : e4;
2e35 : 1a;
2e36 : ee;
2e37 : 90;
2e38 : c0;
2e39 : 66;
2e3a : eb;
2e3b : 92;
2e3c : e3;
2e3d : 26;
2e3e : 30;
2e3f : 71;
2e40 : c6;
2e41 : 29;
2e42 : 9b;
2e43 : 0b;
2e44 : 3c;
2e45 : df;
2e46 : 1a;
2e47 : d3;
2e48 : 9f;
2e49 : f0;
2e4a : fb;
2e4b : 6a;
2e4c : 4a;
2e4d : 95;
2e4e : 70;
2e4f : 1e;
2e50 : c0;
2e51 : 1a;
2e52 : a3;
2e53 : 02;
2e54 : 9f;
2e55 : 2c;
2e56 : 1b;
2e57 : 41;
2e58 : be;
2e59 : e1;
2e5a : a2;
2e5b : 09;
2e5c : 97;
2e5d : e2;
2e5e : 3f;
2e5f : 19;
2e60 : e2;
2e61 : a5;
2e62 : 4c;
2e63 : b1;
2e64 : e5;
2e65 : 86;
2e66 : 3c;
2e67 : ad;
2e68 : 95;
2e69 : 46;
2e6a : 12;
2e6b : fd;
2e6c : bd;
2e6d : e8;
2e6e : c8;
2e6f : f6;
2e70 : 3f;
2e71 : c3;
2e72 : 85;
2e73 : 3f;
2e74 : 8b;
2e75 : ec;
2e76 : 42;
2e77 : 8f;
2e78 : fb;
2e79 : 04;
2e7a : 32;
2e7b : 3a;
2e7c : 30;
2e7d : 73;
2e7e : 0d;
2e7f : 17;
2e80 : 30;
2e81 : d0;
2e82 : 2e;
2e83 : ce;
2e84 : 0c;
2e85 : 5e;
2e86 : a1;
2e87 : 9f;
2e88 : 0e;
2e89 : 83;
2e8a : e8;
2e8b : 30;
2e8c : 53;
2e8d : ca;
2e8e : ea;
2e8f : ba;
2e90 : 45;
2e91 : 65;
2e92 : 42;
2e93 : 37;
2e94 : a3;
2e95 : bf;
2e96 : fd;
2e97 : bf;
2e98 : 07;
2e99 : e7;
2e9a : d1;
2e9b : 0b;
2e9c : 5c;
2e9d : aa;
2e9e : 1b;
2e9f : 86;
2ea0 : e1;
2ea1 : 9c;
2ea2 : 04;
2ea3 : 1b;
2ea4 : 41;
2ea5 : 11;
2ea6 : 61;
2ea7 : cc;
2ea8 : d6;
2ea9 : 7b;
2eaa : 13;
2eab : d8;
2eac : 95;
2ead : 95;
2eae : a8;
2eaf : 1f;
2eb0 : fc;
2eb1 : 47;
2eb2 : f0;
2eb3 : 51;
2eb4 : c0;
2eb5 : a7;
2eb6 : 49;
2eb7 : b1;
2eb8 : 91;
2eb9 : a1;
2eba : 95;
2ebb : a2;
2ebc : 62;
2ebd : 94;
2ebe : 40;
2ebf : a2;
2ec0 : a8;
2ec1 : bd;
2ec2 : 8c;
2ec3 : c8;
2ec4 : c7;
2ec5 : b4;
2ec6 : ab;
2ec7 : ed;
2ec8 : 99;
2ec9 : ca;
2eca : 6c;
2ecb : 27;
2ecc : 6a;
2ecd : cc;
2ece : be;
2ecf : db;
2ed0 : 0d;
2ed1 : 16;
2ed2 : 70;
2ed3 : 28;
2ed4 : bc;
2ed5 : 90;
2ed6 : ff;
2ed7 : 58;
2ed8 : 3b;
2ed9 : db;
2eda : 61;
2edb : 93;
2edc : b9;
2edd : 1b;
2ede : d9;
2edf : d4;
2ee0 : b5;
2ee1 : 93;
2ee2 : f4;
2ee3 : f9;
2ee4 : b1;
2ee5 : 55;
2ee6 : 07;
2ee7 : 13;
2ee8 : 98;
2ee9 : 33;
2eea : 6f;
2eeb : 29;
2eec : df;
2eed : 45;
2eee : c3;
2eef : fb;
2ef0 : ed;
2ef1 : ec;
2ef2 : 4e;
2ef3 : 8c;
2ef4 : a6;
2ef5 : 94;
2ef6 : 1a;
2ef7 : 62;
2ef8 : a9;
2ef9 : c6;
2efa : 3d;
2efb : 51;
2efc : de;
2efd : 05;
2efe : 8a;
2eff : e1;
2f00 : dd;
2f01 : 2c;
2f02 : 7f;
2f03 : 64;
2f04 : 75;
2f05 : ba;
2f06 : a9;
2f07 : bd;
2f08 : 33;
2f09 : dc;
2f0a : 22;
2f0b : 44;
2f0c : f9;
2f0d : 0a;
2f0e : 2e;
2f0f : 50;
2f10 : e5;
2f11 : 8e;
2f12 : 5a;
2f13 : 9d;
2f14 : a8;
2f15 : e2;
2f16 : b2;
2f17 : ff;
2f18 : 44;
2f19 : 1c;
2f1a : cb;
2f1b : 70;
2f1c : 97;
2f1d : 4d;
2f1e : 29;
2f1f : e6;
2f20 : a7;
2f21 : 6d;
2f22 : 7e;
2f23 : ed;
2f24 : c5;
2f25 : 92;
2f26 : cd;
2f27 : cf;
2f28 : 1b;
2f29 : f3;
2f2a : 98;
2f2b : bc;
2f2c : 9a;
2f2d : 2d;
2f2e : 72;
2f2f : 83;
2f30 : f7;
2f31 : c3;
2f32 : 65;
2f33 : 09;
2f34 : 97;
2f35 : 93;
2f36 : 96;
2f37 : 7d;
2f38 : 2c;
2f39 : c5;
2f3a : 37;
2f3b : fb;
2f3c : 46;
2f3d : da;
2f3e : 3f;
2f3f : c3;
2f40 : 7d;
2f41 : 88;
2f42 : 5a;
2f43 : e9;
2f44 : 15;
2f45 : 71;
2f46 : 8a;
2f47 : ad;
2f48 : 1c;
2f49 : 8e;
2f4a : b8;
2f4b : f0;
2f4c : f7;
2f4d : 90;
2f4e : 1d;
2f4f : 1e;
2f50 : 6c;
2f51 : 52;
2f52 : 87;
2f53 : 2e;
2f54 : 59;
2f55 : 9d;
2f56 : 64;
2f57 : 71;
2f58 : b2;
2f59 : 8b;
2f5a : 2f;
2f5b : 1c;
2f5c : e3;
2f5d : 23;
2f5e : ff;
2f5f : ca;
2f60 : ba;
2f61 : e1;
2f62 : a4;
2f63 : 86;
2f64 : a2;
2f65 : 72;
2f66 : e2;
2f67 : f6;
2f68 : 6d;
2f69 : d8;
2f6a : c1;
2f6b : e4;
2f6c : 93;
2f6d : 02;
2f6e : 15;
2f6f : a4;
2f70 : b2;
2f71 : d5;
2f72 : 9c;
2f73 : e1;
2f74 : 46;
2f75 : 2c;
2f76 : 5c;
2f77 : 60;
2f78 : 6d;
2f79 : 7d;
2f7a : c3;
2f7b : 80;
2f7c : 5e;
2f7d : c1;
2f7e : 27;
2f7f : 17;
2f80 : c2;
2f81 : ca;
2f82 : 2e;
2f83 : 8d;
2f84 : 55;
2f85 : 4d;
2f86 : b2;
2f87 : 56;
2f88 : 0e;
2f89 : 17;
2f8a : a5;
2f8b : 5a;
2f8c : 0d;
2f8d : e8;
2f8e : 24;
2f8f : 83;
2f90 : 2e;
2f91 : 2a;
2f92 : fd;
2f93 : 2d;
2f94 : 73;
2f95 : e6;
2f96 : 13;
2f97 : 17;
2f98 : 0b;
2f99 : 5a;
2f9a : bb;
2f9b : 2a;
2f9c : 7c;
2f9d : 68;
2f9e : 0c;
2f9f : 38;
2fa0 : 9a;
2fa1 : 4c;
2fa2 : 38;
2fa3 : ea;
2fa4 : 33;
2fa5 : 05;
2fa6 : d2;
2fa7 : ef;
2fa8 : 9b;
2fa9 : 7b;
2faa : 65;
2fab : 03;
2fac : d5;
2fad : 65;
2fae : 8e;
2faf : 19;
2fb0 : ab;
2fb1 : ae;
2fb2 : 38;
2fb3 : ca;
2fb4 : 28;
2fb5 : e1;
2fb6 : 26;
2fb7 : db;
2fb8 : ee;
2fb9 : 52;
2fba : 04;
2fbb : 2c;
2fbc : 81;
2fbd : 8f;
2fbe : 58;
2fbf : bd;
2fc0 : 8b;
2fc1 : f4;
2fc2 : 45;
2fc3 : c2;
2fc4 : 90;
2fc5 : ad;
2fc6 : d3;
2fc7 : 7c;
2fc8 : 41;
2fc9 : 4a;
2fca : 3d;
2fcb : d8;
2fcc : 9e;
2fcd : 6b;
2fce : dd;
2fcf : 06;
2fd0 : 1e;
2fd1 : e0;
2fd2 : d4;
2fd3 : 3c;
2fd4 : 5b;
2fd5 : ad;
2fd6 : ba;
2fd7 : 90;
2fd8 : 43;
2fd9 : 09;
2fda : ae;
2fdb : 60;
2fdc : 47;
2fdd : 58;
2fde : cd;
2fdf : 0f;
2fe0 : ec;
2fe1 : 91;
2fe2 : 44;
2fe3 : f8;
2fe4 : 6e;
2fe5 : 08;
2fe6 : 01;
2fe7 : 32;
2fe8 : 59;
2fe9 : 85;
2fea : d6;
2feb : 2a;
2fec : 28;
2fed : 8b;
2fee : 2e;
2fef : e9;
2ff0 : 9c;
2ff1 : 93;
2ff2 : 5b;
2ff3 : 17;
2ff4 : 95;
2ff5 : 5d;
2ff6 : e0;
2ff7 : 52;
2ff8 : 7b;
2ff9 : 42;
2ffa : 94;
2ffb : bf;
2ffc : 04;
2ffd : e9;
2ffe : 07;
2fff : aa;
3000 : dc;
3001 : 9c;
3002 : f5;
3003 : 23;
3004 : 46;
3005 : 6c;
3006 : a3;
3007 : b2;
3008 : a2;
3009 : 2a;
300a : d2;
300b : 59;
300c : 6e;
300d : b8;
300e : 0b;
300f : 99;
3010 : d2;
3011 : 69;
3012 : d5;
3013 : b6;
3014 : 41;
3015 : a9;
3016 : 98;
3017 : cb;
3018 : c7;
3019 : d5;
301a : 61;
301b : a8;
301c : 8a;
301d : e7;
301e : 30;
301f : 59;
3020 : bd;
3021 : ea;
3022 : 5e;
3023 : 49;
3024 : d9;
3025 : 47;
3026 : 86;
3027 : 78;
3028 : 0c;
3029 : 66;
302a : 7d;
302b : 0a;
302c : 3d;
302d : 64;
302e : fc;
302f : 96;
3030 : 04;
3031 : 7a;
3032 : df;
3033 : 29;
3034 : fb;
3035 : 1e;
3036 : 70;
3037 : 84;
3038 : 98;
3039 : c9;
303a : 44;
303b : 17;
303c : 01;
303d : 25;
303e : 47;
303f : c8;
3040 : 55;
3041 : 2e;
3042 : 13;
3043 : b4;
3044 : 89;
3045 : 03;
3046 : 53;
3047 : df;
3048 : 13;
3049 : bc;
304a : 20;
304b : bb;
304c : ca;
304d : 3e;
304e : d1;
304f : bb;
3050 : 04;
3051 : fc;
3052 : 60;
3053 : a3;
3054 : 8e;
3055 : 5c;
3056 : 50;
3057 : 01;
3058 : 00;
3059 : c1;
305a : a7;
305b : be;
305c : d4;
305d : fe;
305e : 54;
305f : c5;
3060 : 22;
3061 : 6d;
3062 : 49;
3063 : 85;
3064 : 17;
3065 : 54;
3066 : 0e;
3067 : 96;
3068 : d6;
3069 : 29;
306a : a2;
306b : 0a;
306c : 38;
306d : de;
306e : 9b;
306f : 72;
3070 : 43;
3071 : 2b;
3072 : 21;
3073 : cd;
3074 : 38;
3075 : 7d;
3076 : fd;
3077 : e0;
3078 : da;
3079 : dd;
307a : 37;
307b : 1c;
307c : 82;
307d : d2;
307e : 9d;
307f : d0;
3080 : d8;
3081 : 03;
3082 : d5;
3083 : 02;
3084 : a6;
3085 : f3;
3086 : 92;
3087 : ff;
3088 : ed;
3089 : 2c;
308a : 18;
308b : dc;
308c : 57;
308d : 1d;
308e : b8;
308f : 27;
3090 : 38;
3091 : 22;
3092 : 44;
3093 : e9;
3094 : 3f;
3095 : ef;
3096 : 49;
3097 : a1;
3098 : ff;
3099 : 94;
309a : c3;
309b : fa;
309c : 52;
309d : d2;
309e : 90;
309f : 44;
30a0 : f3;
30a1 : 6c;
30a2 : 6b;
30a3 : ea;
30a4 : f7;
30a5 : 22;
30a6 : 6d;
30a7 : f3;
30a8 : 3c;
30a9 : 60;
30aa : b6;
30ab : 84;
30ac : fb;
30ad : 91;
30ae : f9;
30af : 83;
30b0 : 77;
30b1 : 22;
30b2 : af;
30b3 : 0a;
30b4 : 54;
30b5 : 0e;
30b6 : 72;
30b7 : 98;
30b8 : a3;
30b9 : d8;
30ba : 2d;
30bb : aa;
30bc : c2;
30bd : 0e;
30be : cf;
30bf : f2;
30c0 : 34;
30c1 : 1b;
30c2 : 27;
30c3 : 6f;
30c4 : d9;
30c5 : 12;
30c6 : 2a;
30c7 : a9;
30c8 : 12;
30c9 : f7;
30ca : ea;
30cb : b4;
30cc : fb;
30cd : 86;
30ce : f3;
30cf : d9;
30d0 : 85;
30d1 : 10;
30d2 : 92;
30d3 : de;
30d4 : 47;
30d5 : b1;
30d6 : 55;
30d7 : e9;
30d8 : ff;
30d9 : 78;
30da : 41;
30db : 66;
30dc : 84;
30dd : b5;
30de : ff;
30df : e7;
30e0 : 14;
30e1 : 3b;
30e2 : ca;
30e3 : e1;
30e4 : 31;
30e5 : 27;
30e6 : e7;
30e7 : 1c;
30e8 : e7;
30e9 : f1;
30ea : bd;
30eb : d2;
30ec : a0;
30ed : 8e;
30ee : 27;
30ef : 5a;
30f0 : e8;
30f1 : f1;
30f2 : 0e;
30f3 : 4d;
30f4 : 6e;
30f5 : 88;
30f6 : f4;
30f7 : 16;
30f8 : 01;
30f9 : 1f;
30fa : ce;
30fb : a1;
30fc : ad;
30fd : 5e;
30fe : 42;
30ff : d6;
3100 : 7c;
3101 : 49;
3102 : 49;
3103 : 3f;
3104 : 54;
3105 : f6;
3106 : 1d;
3107 : d3;
3108 : 45;
3109 : 22;
310a : 34;
310b : 5e;
310c : a4;
310d : 63;
310e : 38;
310f : 44;
3110 : 6d;
3111 : f4;
3112 : 0b;
3113 : 3f;
3114 : 79;
3115 : a5;
3116 : 0c;
3117 : 30;
3118 : e4;
3119 : 2a;
311a : e4;
311b : fe;
311c : ac;
311d : 18;
311e : e9;
311f : 14;
3120 : be;
3121 : 47;
3122 : b8;
3123 : cf;
3124 : 69;
3125 : ae;
3126 : 8c;
3127 : e7;
3128 : f5;
3129 : 49;
312a : bc;
312b : 25;
312c : 26;
312d : 66;
312e : 95;
312f : c9;
3130 : 66;
3131 : 0e;
3132 : b3;
3133 : b8;
3134 : 8e;
3135 : 47;
3136 : 92;
3137 : 31;
3138 : 55;
3139 : 89;
313a : ac;
313b : e4;
313c : 7f;
313d : ba;
313e : 3c;
313f : f3;
3140 : ea;
3141 : 0c;
3142 : 8b;
3143 : 96;
3144 : 23;
3145 : 04;
3146 : 12;
3147 : 06;
3148 : cc;
3149 : c2;
314a : ab;
314b : ee;
314c : c4;
314d : dd;
314e : f7;
314f : 31;
3150 : fa;
3151 : 75;
3152 : 63;
3153 : da;
3154 : b6;
3155 : 32;
3156 : 4b;
3157 : 80;
3158 : 08;
3159 : c6;
315a : 71;
315b : 35;
315c : ec;
315d : c7;
315e : ce;
315f : e5;
3160 : ff;
3161 : 8a;
3162 : e7;
3163 : ca;
3164 : 2c;
3165 : 9f;
3166 : a0;
3167 : 5c;
3168 : c4;
3169 : 26;
316a : a1;
316b : 7b;
316c : 77;
316d : 75;
316e : 57;
316f : 7f;
3170 : d0;
3171 : 8d;
3172 : 0c;
3173 : 21;
3174 : fa;
3175 : b9;
3176 : ca;
3177 : a5;
3178 : 38;
3179 : 9b;
317a : 4c;
317b : 1a;
317c : 15;
317d : 0b;
317e : 3f;
317f : 51;
3180 : 67;
3181 : b1;
3182 : 17;
3183 : 08;
3184 : 36;
3185 : ea;
3186 : 05;
3187 : 24;
3188 : 9b;
3189 : b4;
318a : 6f;
318b : 3b;
318c : b7;
318d : 02;
318e : ed;
318f : 76;
3190 : aa;
3191 : 80;
3192 : 73;
3193 : eb;
3194 : 60;
3195 : 55;
3196 : 07;
3197 : 2a;
3198 : 8c;
3199 : 72;
319a : 07;
319b : c9;
319c : 60;
319d : a4;
319e : d9;
319f : 68;
31a0 : dd;
31a1 : af;
31a2 : 6b;
31a3 : 3c;
31a4 : d7;
31a5 : cf;
31a6 : 72;
31a7 : ab;
31a8 : 2b;
31a9 : be;
31aa : 2a;
31ab : 2c;
31ac : 3b;
31ad : 29;
31ae : 85;
31af : f7;
31b0 : e2;
31b1 : dd;
31b2 : d8;
31b3 : 81;
31b4 : 52;
31b5 : 17;
31b6 : cf;
31b7 : db;
31b8 : 5d;
31b9 : 4c;
31ba : 8d;
31bb : c4;
31bc : a1;
31bd : 62;
31be : 33;
31bf : 10;
31c0 : 19;
31c1 : ac;
31c2 : f9;
31c3 : 84;
31c4 : 68;
31c5 : dc;
31c6 : 3b;
31c7 : 4c;
31c8 : 2a;
31c9 : 4d;
31ca : ba;
31cb : 8b;
31cc : 11;
31cd : 63;
31ce : d2;
31cf : 4d;
31d0 : 4c;
31d1 : 57;
31d2 : b1;
31d3 : 49;
31d4 : 22;
31d5 : 90;
31d6 : ae;
31d7 : 21;
31d8 : 11;
31d9 : d9;
31da : f2;
31db : c8;
31dc : c7;
31dd : e1;
31de : e5;
31df : f9;
31e0 : 68;
31e1 : 51;
31e2 : a5;
31e3 : 97;
31e4 : 9d;
31e5 : e2;
31e6 : e9;
31e7 : 20;
31e8 : db;
31e9 : 8b;
31ea : 6b;
31eb : 78;
31ec : a6;
31ed : 70;
31ee : 44;
31ef : 0f;
31f0 : 49;
31f1 : ac;
31f2 : 5e;
31f3 : 56;
31f4 : e9;
31f5 : 20;
31f6 : 96;
31f7 : ef;
31f8 : 83;
31f9 : 1f;
31fa : 58;
31fb : a1;
31fc : 4c;
31fd : fb;
31fe : 6f;
31ff : a3;
3200 : 2c;
3201 : a3;
3202 : e7;
3203 : 08;
3204 : 13;
3205 : 2b;
3206 : 17;
3207 : 61;
3208 : 65;
3209 : 50;
320a : 77;
320b : f3;
320c : 1b;
320d : 7e;
320e : 50;
320f : 4d;
3210 : 1c;
3211 : a3;
3212 : c8;
3213 : d5;
3214 : fa;
3215 : 19;
3216 : 69;
3217 : 09;
3218 : bc;
3219 : cc;
321a : c9;
321b : 90;
321c : c2;
321d : c1;
321e : ca;
321f : ab;
3220 : 40;
3221 : a1;
3222 : f5;
3223 : 5f;
3224 : be;
3225 : f4;
3226 : 95;
3227 : bf;
3228 : 44;
3229 : 84;
322a : f6;
322b : 65;
322c : b5;
322d : f1;
322e : 04;
322f : 4d;
3230 : a4;
3231 : 06;
3232 : 09;
3233 : c0;
3234 : 0c;
3235 : ac;
3236 : 6f;
3237 : 56;
3238 : 8e;
3239 : 9d;
323a : 8d;
323b : 52;
323c : 00;
323d : 97;
323e : 64;
323f : 07;
3240 : 7a;
3241 : 4c;
3242 : 65;
3243 : cd;
3244 : de;
3245 : c6;
3246 : 38;
3247 : 40;
3248 : 32;
3249 : 34;
324a : 6c;
324b : 1f;
324c : 96;
324d : 75;
324e : 9a;
324f : ba;
3250 : 59;
3251 : 1d;
3252 : 47;
3253 : 09;
3254 : 82;
3255 : db;
3256 : 37;
3257 : c1;
3258 : 31;
3259 : 03;
325a : 8d;
325b : 8a;
325c : f9;
325d : 03;
325e : e2;
325f : ad;
3260 : ab;
3261 : 99;
3262 : 7e;
3263 : d7;
3264 : 2c;
3265 : db;
3266 : 56;
3267 : 2a;
3268 : b4;
3269 : 8b;
326a : 1e;
326b : 5d;
326c : 57;
326d : ed;
326e : 22;
326f : a3;
3270 : 4c;
3271 : d5;
3272 : c7;
3273 : 2e;
3274 : 8a;
3275 : 40;
3276 : 56;
3277 : d7;
3278 : d1;
3279 : 74;
327a : 65;
327b : 1d;
327c : bc;
327d : ab;
327e : 17;
327f : e4;
3280 : a3;
3281 : c5;
3282 : 7a;
3283 : 28;
3284 : 12;
3285 : 75;
3286 : 5f;
3287 : 4d;
3288 : 9b;
3289 : 0b;
328a : 37;
328b : dc;
328c : d4;
328d : bf;
328e : 16;
328f : a5;
3290 : fe;
3291 : 54;
3292 : 3f;
3293 : 4a;
3294 : ae;
3295 : ee;
3296 : 65;
3297 : 37;
3298 : f7;
3299 : 9b;
329a : e7;
329b : 1f;
329c : 79;
329d : bb;
329e : 9d;
329f : e5;
32a0 : b4;
32a1 : 64;
32a2 : b2;
32a3 : 7b;
32a4 : e1;
32a5 : 9d;
32a6 : e3;
32a7 : 6e;
32a8 : 3e;
32a9 : 7b;
32aa : 9d;
32ab : 1e;
32ac : 4e;
32ad : 70;
32ae : 8d;
32af : 66;
32b0 : 2b;
32b1 : 01;
32b2 : cb;
32b3 : 33;
32b4 : fb;
32b5 : 37;
32b6 : 48;
32b7 : 82;
32b8 : c9;
32b9 : 88;
32ba : b7;
32bb : ff;
32bc : 24;
32bd : 93;
32be : 3f;
32bf : 24;
32c0 : 33;
32c1 : f8;
32c2 : 9f;
32c3 : 79;
32c4 : 7d;
32c5 : 9a;
32c6 : 90;
32c7 : 33;
32c8 : b7;
32c9 : 68;
32ca : f1;
32cb : b7;
32cc : e3;
32cd : 60;
32ce : 7d;
32cf : 78;
32d0 : c9;
32d1 : b3;
32d2 : 79;
32d3 : 8d;
32d4 : 5b;
32d5 : 9d;
32d6 : b2;
32d7 : 24;
32d8 : 91;
32d9 : 45;
32da : d8;
32db : 28;
32dc : 3a;
32dd : bb;
32de : f1;
32df : a1;
32e0 : 37;
32e1 : a6;
32e2 : df;
32e3 : 47;
32e4 : ae;
32e5 : a2;
32e6 : 0b;
32e7 : bb;
32e8 : e7;
32e9 : 12;
32ea : af;
32eb : 25;
32ec : 8d;
32ed : 9e;
32ee : 95;
32ef : 87;
32f0 : c3;
32f1 : 81;
32f2 : a1;
32f3 : 6e;
32f4 : b6;
32f5 : 14;
32f6 : 0d;
32f7 : 3d;
32f8 : 27;
32f9 : 45;
32fa : f3;
32fb : 62;
32fc : b8;
32fd : e9;
32fe : db;
32ff : 6a;
3300 : 9e;
3301 : 75;
3302 : 64;
3303 : 06;
3304 : 69;
3305 : df;
3306 : 3d;
3307 : 68;
3308 : cc;
3309 : b8;
330a : 1f;
330b : 88;
330c : 9c;
330d : bd;
330e : fc;
330f : 43;
3310 : 7c;
3311 : 2e;
3312 : 70;
3313 : 3a;
3314 : 47;
3315 : ae;
3316 : 17;
3317 : ce;
3318 : ed;
3319 : 5d;
331a : 7c;
331b : 13;
331c : c1;
331d : 0d;
331e : 5e;
331f : 84;
3320 : 89;
3321 : 22;
3322 : b5;
3323 : d1;
3324 : f6;
3325 : b4;
3326 : 1c;
3327 : fc;
3328 : 5f;
3329 : 5c;
332a : 33;
332b : 77;
332c : c1;
332d : 7a;
332e : c3;
332f : 9f;
3330 : 66;
3331 : ae;
3332 : 90;
3333 : 25;
3334 : aa;
3335 : 05;
3336 : 6e;
3337 : 93;
3338 : 6d;
3339 : 2d;
333a : 02;
333b : ac;
333c : fc;
333d : 6c;
333e : 9a;
333f : d6;
3340 : 18;
3341 : 4b;
3342 : 45;
3343 : 89;
3344 : 5e;
3345 : f2;
3346 : 4b;
3347 : cd;
3348 : 32;
3349 : 88;
334a : ff;
334b : e4;
334c : 1b;
334d : de;
334e : 5d;
334f : 31;
3350 : a4;
3351 : df;
3352 : 95;
3353 : 35;
3354 : 4f;
3355 : 5d;
3356 : 04;
3357 : 26;
3358 : ac;
3359 : a1;
335a : ea;
335b : c9;
335c : 9a;
335d : 06;
335e : 39;
335f : d5;
3360 : b3;
3361 : 7a;
3362 : 93;
3363 : c0;
3364 : 23;
3365 : 23;
3366 : 9b;
3367 : 9b;
3368 : e1;
3369 : f9;
336a : 6d;
336b : 2d;
336c : 2d;
336d : a9;
336e : e7;
336f : ac;
3370 : 49;
3371 : ff;
3372 : 01;
3373 : e5;
3374 : bc;
3375 : 0b;
3376 : 49;
3377 : be;
3378 : 5e;
3379 : fe;
337a : cd;
337b : 8b;
337c : bd;
337d : e4;
337e : 5a;
337f : 35;
3380 : 65;
3381 : 0b;
3382 : ab;
3383 : bd;
3384 : b5;
3385 : c4;
3386 : b0;
3387 : ad;
3388 : 7b;
3389 : 66;
338a : 2f;
338b : 81;
338c : 82;
338d : c9;
338e : b1;
338f : 62;
3390 : cf;
3391 : ab;
3392 : 03;
3393 : f5;
3394 : cc;
3395 : 5b;
3396 : 57;
3397 : 13;
3398 : 24;
3399 : e2;
339a : 73;
339b : fa;
339c : c1;
339d : 79;
339e : 11;
339f : b3;
33a0 : 28;
33a1 : d9;
33a2 : aa;
33a3 : 68;
33a4 : 67;
33a5 : 35;
33a6 : f4;
33a7 : d3;
33a8 : 2f;
33a9 : 52;
33aa : 5c;
33ab : ba;
33ac : 22;
33ad : 6a;
33ae : d9;
33af : 61;
33b0 : fb;
33b1 : 0e;
33b2 : 24;
33b3 : 87;
33b4 : 73;
33b5 : fa;
33b6 : 52;
33b7 : ed;
33b8 : 0e;
33b9 : a4;
33ba : f8;
33bb : 36;
33bc : 63;
33bd : 86;
33be : 78;
33bf : b6;
33c0 : e9;
33c1 : 77;
33c2 : 19;
33c3 : e7;
33c4 : 24;
33c5 : 9c;
33c6 : 6e;
33c7 : 67;
33c8 : 56;
33c9 : 72;
33ca : 0d;
33cb : 5e;
33cc : e6;
33cd : 87;
33ce : 24;
33cf : e1;
33d0 : 0b;
33d1 : c5;
33d2 : 4d;
33d3 : 1d;
33d4 : 42;
33d5 : 3c;
33d6 : 31;
33d7 : 99;
33d8 : 63;
33d9 : 25;
33da : ad;
33db : 45;
33dc : 60;
33dd : 4a;
33de : 1b;
33df : 4d;
33e0 : 0b;
33e1 : 30;
33e2 : ee;
33e3 : e3;
33e4 : 4e;
33e5 : 35;
33e6 : 00;
33e7 : 5f;
33e8 : 6a;
33e9 : db;
33ea : 54;
33eb : d6;
33ec : 63;
33ed : 21;
33ee : a2;
33ef : 5f;
33f0 : c6;
33f1 : ab;
33f2 : ad;
33f3 : 6a;
33f4 : 86;
33f5 : 57;
33f6 : 7e;
33f7 : af;
33f8 : 98;
33f9 : e7;
33fa : 59;
33fb : bd;
33fc : 44;
33fd : 81;
33fe : 1b;
33ff : ba;
3400 : 39;
3401 : d6;
3402 : e8;
3403 : 61;
3404 : 5f;
3405 : cc;
3406 : ba;
3407 : 2a;
3408 : 3d;
3409 : 24;
340a : 59;
340b : 47;
340c : bd;
340d : 23;
340e : 13;
340f : 10;
3410 : 78;
3411 : 8f;
3412 : ce;
3413 : 14;
3414 : 5f;
3415 : 39;
3416 : 67;
3417 : 1e;
3418 : ca;
3419 : 1a;
341a : b5;
341b : 70;
341c : 30;
341d : 7a;
341e : a9;
341f : 59;
3420 : 41;
3421 : e7;
3422 : 6e;
3423 : 09;
3424 : cc;
3425 : 9d;
3426 : 8f;
3427 : 7b;
3428 : 96;
3429 : a0;
342a : 6f;
342b : ec;
342c : 46;
342d : df;
342e : 09;
342f : 2e;
3430 : ac;
3431 : 2b;
3432 : 58;
3433 : 8a;
3434 : 10;
3435 : 6d;
3436 : 0d;
3437 : 2c;
3438 : 22;
3439 : c7;
343a : 00;
343b : 5b;
343c : aa;
343d : 26;
343e : 60;
343f : d2;
3440 : f0;
3441 : cf;
3442 : df;
3443 : 77;
3444 : 0c;
3445 : dc;
3446 : df;
3447 : 1d;
3448 : 36;
3449 : f0;
344a : 70;
344b : 4b;
344c : c5;
344d : 05;
344e : 8c;
344f : c0;
3450 : 94;
3451 : 8a;
3452 : 20;
3453 : 28;
3454 : 87;
3455 : eb;
3456 : 83;
3457 : e3;
3458 : 3d;
3459 : 18;
345a : 96;
345b : a8;
345c : 20;
345d : 6e;
345e : da;
345f : 50;
3460 : d2;
3461 : 18;
3462 : bb;
3463 : 46;
3464 : 64;
3465 : d4;
3466 : e8;
3467 : e8;
3468 : e7;
3469 : 44;
346a : a0;
346b : 0a;
346c : 16;
346d : 04;
346e : a1;
346f : 07;
3470 : 56;
3471 : ca;
3472 : ef;
3473 : a3;
3474 : 01;
3475 : 26;
3476 : ad;
3477 : 23;
3478 : db;
3479 : 54;
347a : 9a;
347b : ad;
347c : 25;
347d : 9a;
347e : c6;
347f : 9b;
3480 : c0;
3481 : 80;
3482 : df;
3483 : b9;
3484 : 0a;
3485 : bc;
3486 : ab;
3487 : e3;
3488 : 15;
3489 : 29;
348a : 08;
348b : bb;
348c : 06;
348d : 3f;
348e : fb;
348f : 02;
3490 : e9;
3491 : 86;
3492 : b6;
3493 : ed;
3494 : 86;
3495 : 87;
3496 : e3;
3497 : 46;
3498 : 08;
3499 : c1;
349a : e9;
349b : 05;
349c : 88;
349d : 6c;
349e : a9;
349f : 68;
34a0 : fb;
34a1 : e6;
34a2 : 6e;
34a3 : 41;
34a4 : 69;
34a5 : 4d;
34a6 : 2e;
34a7 : 1f;
34a8 : 9a;
34a9 : 5a;
34aa : a2;
34ab : 53;
34ac : c5;
34ad : 44;
34ae : c2;
34af : ed;
34b0 : 96;
34b1 : 5c;
34b2 : b7;
34b3 : 9d;
34b4 : 5d;
34b5 : 86;
34b6 : c0;
34b7 : 41;
34b8 : 48;
34b9 : b7;
34ba : 18;
34bb : d4;
34bc : a8;
34bd : 53;
34be : aa;
34bf : d9;
34c0 : 16;
34c1 : 8b;
34c2 : 3f;
34c3 : 72;
34c4 : a6;
34c5 : 21;
34c6 : b4;
34c7 : a0;
34c8 : 2b;
34c9 : e1;
34ca : 8a;
34cb : 7b;
34cc : 6b;
34cd : a8;
34ce : 35;
34cf : b0;
34d0 : 12;
34d1 : 28;
34d2 : b2;
34d3 : 6f;
34d4 : f7;
34d5 : af;
34d6 : 52;
34d7 : 9c;
34d8 : 72;
34d9 : 3e;
34da : dd;
34db : 55;
34dc : 9b;
34dd : cc;
34de : 8d;
34df : d4;
34e0 : db;
34e1 : b9;
34e2 : d7;
34e3 : 4d;
34e4 : a5;
34e5 : 12;
34e6 : 07;
34e7 : fd;
34e8 : b6;
34e9 : 20;
34ea : dd;
34eb : 77;
34ec : 70;
34ed : cf;
34ee : 5a;
34ef : 11;
34f0 : 5b;
34f1 : e6;
34f2 : d4;
34f3 : 92;
34f4 : 46;
34f5 : 18;
34f6 : 6c;
34f7 : 66;
34f8 : a8;
34f9 : 92;
34fa : 47;
34fb : 4c;
34fc : b2;
34fd : 38;
34fe : 21;
34ff : be;
3500 : c4;
3501 : ba;
3502 : d4;
3503 : 11;
3504 : fd;
3505 : 93;
3506 : 42;
3507 : 41;
3508 : 6c;
3509 : 22;
350a : ed;
350b : f8;
350c : 59;
350d : 00;
350e : 76;
350f : 8f;
3510 : e7;
3511 : ac;
3512 : 64;
3513 : 47;
3514 : 07;
3515 : 57;
3516 : d2;
3517 : 8b;
3518 : e2;
3519 : fa;
351a : e8;
351b : 8b;
351c : c8;
351d : 19;
351e : 9f;
351f : 9b;
3520 : 0f;
3521 : 95;
3522 : 31;
3523 : ab;
3524 : 25;
3525 : ce;
3526 : 38;
3527 : d8;
3528 : 7c;
3529 : 3c;
352a : a2;
352b : c8;
352c : 07;
352d : 65;
352e : 33;
352f : c4;
3530 : 2f;
3531 : 42;
3532 : 53;
3533 : fb;
3534 : 21;
3535 : c3;
3536 : a4;
3537 : 3b;
3538 : 0b;
3539 : 1a;
353a : 72;
353b : 37;
353c : 15;
353d : 77;
353e : e5;
353f : 9e;
3540 : d9;
3541 : d0;
3542 : d7;
3543 : b1;
3544 : dd;
3545 : 99;
3546 : 11;
3547 : a1;
3548 : 72;
3549 : 92;
354a : bc;
354b : 82;
354c : a4;
354d : 2d;
354e : 3b;
354f : f8;
3550 : e3;
3551 : 93;
3552 : d1;
3553 : 84;
3554 : c0;
3555 : 7b;
3556 : b8;
3557 : 35;
3558 : a9;
3559 : bc;
355a : 2a;
355b : 19;
355c : 6b;
355d : 24;
355e : 08;
355f : 91;
3560 : 5d;
3561 : f0;
3562 : 86;
3563 : dc;
3564 : 05;
3565 : 80;
3566 : 83;
3567 : 79;
3568 : f8;
3569 : 73;
356a : cf;
356b : 83;
356c : 79;
356d : 4c;
356e : 6e;
356f : b1;
3570 : e9;
3571 : 2d;
3572 : 2c;
3573 : e7;
3574 : 95;
3575 : a6;
3576 : ff;
3577 : dd;
3578 : 5b;
3579 : d5;
357a : 9d;
357b : 09;
357c : a2;
357d : 0e;
357e : 78;
357f : 84;
3580 : a8;
3581 : aa;
3582 : 01;
3583 : 87;
3584 : 7d;
3585 : 83;
3586 : 47;
3587 : 66;
3588 : 12;
3589 : 38;
358a : e8;
358b : 66;
358c : 21;
358d : e1;
358e : 16;
358f : 46;
3590 : 6f;
3591 : df;
3592 : ef;
3593 : 7f;
3594 : a9;
3595 : 7a;
3596 : 2a;
3597 : 76;
3598 : b5;
3599 : c5;
359a : f6;
359b : b2;
359c : 9e;
359d : fa;
359e : d0;
359f : 74;
35a0 : e0;
35a1 : fe;
35a2 : 1e;
35a3 : 61;
35a4 : 65;
35a5 : c6;
35a6 : 35;
35a7 : 62;
35a8 : 90;
35a9 : b0;
35aa : b2;
35ab : ce;
35ac : 96;
35ad : c2;
35ae : a7;
35af : 28;
35b0 : 96;
35b1 : 67;
35b2 : ab;
35b3 : b7;
35b4 : 36;
35b5 : ba;
35b6 : d5;
35b7 : e7;
35b8 : 84;
35b9 : a6;
35ba : 2f;
35bb : 98;
35bc : e0;
35bd : 85;
35be : 30;
35bf : ef;
35c0 : 05;
35c1 : 0c;
35c2 : 8d;
35c3 : 62;
35c4 : 48;
35c5 : 9d;
35c6 : 5f;
35c7 : 01;
35c8 : 24;
35c9 : 02;
35ca : e4;
35cb : 11;
35cc : 32;
35cd : 8e;
35ce : cd;
35cf : b8;
35d0 : 7e;
35d1 : 35;
35d2 : 24;
35d3 : 5f;
35d4 : 4a;
35d5 : aa;
35d6 : d5;
35d7 : 22;
35d8 : 2a;
35d9 : c7;
35da : a3;
35db : 62;
35dc : 4c;
35dd : 48;
35de : 88;
35df : 0c;
35e0 : b3;
35e1 : 17;
35e2 : 90;
35e3 : 62;
35e4 : 07;
35e5 : 7c;
35e6 : 51;
35e7 : d1;
35e8 : ff;
35e9 : 1a;
35ea : c6;
35eb : c6;
35ec : e7;
35ed : ac;
35ee : 99;
35ef : ad;
35f0 : 4d;
35f1 : 82;
35f2 : 03;
35f3 : e9;
35f4 : 46;
35f5 : a6;
35f6 : 7d;
35f7 : 44;
35f8 : a0;
35f9 : 18;
35fa : df;
35fb : 43;
35fc : ea;
35fd : 7a;
35fe : df;
35ff : 86;
3600 : cc;
3601 : a7;
3602 : ab;
3603 : c5;
3604 : 8e;
3605 : 64;
3606 : 49;
3607 : b9;
3608 : a7;
3609 : 13;
360a : ef;
360b : 11;
360c : a9;
360d : 5e;
360e : 32;
360f : e5;
3610 : 74;
3611 : bf;
3612 : 70;
3613 : 7d;
3614 : 91;
3615 : 2d;
3616 : 69;
3617 : 7d;
3618 : 83;
3619 : 4a;
361a : ae;
361b : 56;
361c : ad;
361d : c0;
361e : 33;
361f : cb;
3620 : 2d;
3621 : f2;
3622 : c7;
3623 : 0b;
3624 : 46;
3625 : 7d;
3626 : ef;
3627 : a2;
3628 : e5;
3629 : 9e;
362a : a6;
362b : d8;
362c : 61;
362d : 18;
362e : 22;
362f : 5f;
3630 : de;
3631 : db;
3632 : a0;
3633 : 6e;
3634 : 04;
3635 : 32;
3636 : 67;
3637 : 2e;
3638 : 3e;
3639 : ac;
363a : 82;
363b : fd;
363c : 4e;
363d : 6e;
363e : 9e;
363f : 82;
3640 : 04;
3641 : 47;
3642 : 50;
3643 : 4c;
3644 : 50;
3645 : e3;
3646 : b6;
3647 : 3b;
3648 : 15;
3649 : 26;
364a : ef;
364b : 68;
364c : a7;
364d : a4;
364e : f4;
364f : bc;
3650 : 69;
3651 : d3;
3652 : e2;
3653 : c6;
3654 : b3;
3655 : 9e;
3656 : 63;
3657 : 7d;
3658 : b0;
3659 : 32;
365a : 7b;
365b : 81;
365c : 3f;
365d : 0e;
365e : f5;
365f : 2d;
3660 : 37;
3661 : 27;
3662 : 6a;
3663 : 28;
3664 : 3b;
3665 : a2;
3666 : 2d;
3667 : 30;
3668 : d8;
3669 : a5;
366a : ac;
366b : 9d;
366c : 7f;
366d : 84;
366e : 0b;
366f : 44;
3670 : d8;
3671 : 4a;
3672 : 97;
3673 : b7;
3674 : c4;
3675 : ba;
3676 : 37;
3677 : 5c;
3678 : 5a;
3679 : b8;
367a : 89;
367b : 7e;
367c : 08;
367d : e6;
367e : c8;
367f : b3;
3680 : b5;
3681 : d8;
3682 : 76;
3683 : 6c;
3684 : 55;
3685 : 1b;
3686 : 98;
3687 : b6;
3688 : 1e;
3689 : b1;
368a : 86;
368b : 78;
368c : 62;
368d : cc;
368e : 65;
368f : 42;
3690 : 06;
3691 : ae;
3692 : 4a;
3693 : 34;
3694 : c5;
3695 : fb;
3696 : 32;
3697 : df;
3698 : 8a;
3699 : e6;
369a : 71;
369b : ef;
369c : ce;
369d : f3;
369e : c6;
369f : b4;
36a0 : c8;
36a1 : bf;
36a2 : fa;
36a3 : a0;
36a4 : ea;
36a5 : f6;
36a6 : 7c;
36a7 : 11;
36a8 : 79;
36a9 : 13;
36aa : 8c;
36ab : ef;
36ac : c6;
36ad : 18;
36ae : 8c;
36af : c1;
36b0 : 51;
36b1 : d0;
36b2 : 07;
36b3 : 46;
36b4 : 01;
36b5 : 81;
36b6 : 4e;
36b7 : e0;
36b8 : d1;
36b9 : b4;
36ba : c2;
36bb : 54;
36bc : a6;
36bd : 32;
36be : 3e;
36bf : 46;
36c0 : 2e;
36c1 : 31;
36c2 : 5a;
36c3 : 57;
36c4 : 85;
36c5 : e9;
36c6 : bc;
36c7 : 04;
36c8 : e0;
36c9 : 40;
36ca : 45;
36cb : 06;
36cc : 38;
36cd : 0f;
36ce : c9;
36cf : b6;
36d0 : 00;
36d1 : 40;
36d2 : 6a;
36d3 : eb;
36d4 : f8;
36d5 : 70;
36d6 : b0;
36d7 : ca;
36d8 : 89;
36d9 : 14;
36da : 4d;
36db : c2;
36dc : 17;
36dd : 1b;
36de : 08;
36df : 7c;
36e0 : c1;
36e1 : 34;
36e2 : 7d;
36e3 : d0;
36e4 : 44;
36e5 : 2c;
36e6 : 64;
36e7 : fe;
36e8 : a0;
36e9 : 4c;
36ea : 3b;
36eb : 95;
36ec : c4;
36ed : f0;
36ee : 64;
36ef : 9c;
36f0 : a3;
36f1 : 52;
36f2 : a4;
36f3 : bb;
36f4 : 47;
36f5 : 44;
36f6 : 22;
36f7 : 5f;
36f8 : 54;
36f9 : 88;
36fa : 13;
36fb : 9b;
36fc : 5a;
36fd : da;
36fe : 8f;
36ff : 7c;
3700 : ec;
3701 : bd;
3702 : 63;
3703 : 95;
3704 : 36;
3705 : dc;
3706 : 3f;
3707 : 7d;
3708 : ff;
3709 : 2c;
370a : 2e;
370b : 5c;
370c : 17;
370d : d4;
370e : 71;
370f : 99;
3710 : 61;
3711 : 0d;
3712 : bf;
3713 : b4;
3714 : 2a;
3715 : 19;
3716 : dd;
3717 : 0a;
3718 : d4;
3719 : 5e;
371a : 1c;
371b : 0f;
371c : 71;
371d : 76;
371e : 60;
371f : 39;
3720 : 7a;
3721 : fb;
3722 : e5;
3723 : c4;
3724 : 8a;
3725 : 91;
3726 : fb;
3727 : ea;
3728 : 79;
3729 : 52;
372a : 1f;
372b : 8e;
372c : 80;
372d : 1d;
372e : 5e;
372f : d5;
3730 : bc;
3731 : 25;
3732 : 1a;
3733 : fc;
3734 : 8f;
3735 : b0;
3736 : 3e;
3737 : 47;
3738 : 65;
3739 : 95;
373a : 78;
373b : d1;
373c : df;
373d : f8;
373e : 53;
373f : 7f;
3740 : b3;
3741 : 88;
3742 : 63;
3743 : 87;
3744 : 04;
3745 : 6a;
3746 : 0c;
3747 : 6f;
3748 : 15;
3749 : 76;
374a : d8;
374b : 24;
374c : 46;
374d : 55;
374e : 20;
374f : d3;
3750 : bf;
3751 : 95;
3752 : c0;
3753 : aa;
3754 : 59;
3755 : dd;
3756 : a1;
3757 : ce;
3758 : 32;
3759 : c6;
375a : 49;
375b : a1;
375c : 01;
375d : 1a;
375e : 8f;
375f : a4;
3760 : 9e;
3761 : 51;
3762 : 13;
3763 : 9a;
3764 : e1;
3765 : fb;
3766 : 5e;
3767 : e0;
3768 : e9;
3769 : 8c;
376a : 15;
376b : ce;
376c : 7e;
376d : 8a;
376e : 6a;
376f : 20;
3770 : 62;
3771 : b0;
3772 : c1;
3773 : 2b;
3774 : fc;
3775 : 94;
3776 : 96;
3777 : 81;
3778 : 43;
3779 : c2;
377a : 28;
377b : ba;
377c : a8;
377d : e5;
377e : cd;
377f : d6;
3780 : d6;
3781 : 74;
3782 : 48;
3783 : a8;
3784 : 14;
3785 : 9c;
3786 : 26;
3787 : 65;
3788 : 1a;
3789 : 81;
378a : 3b;
378b : d9;
378c : 2f;
378d : a4;
378e : 3e;
378f : f9;
3790 : 0d;
3791 : a9;
3792 : 25;
3793 : af;
3794 : e4;
3795 : 8c;
3796 : 6b;
3797 : d0;
3798 : f0;
3799 : af;
379a : d2;
379b : 89;
379c : 2a;
379d : 00;
379e : ee;
379f : e8;
37a0 : 07;
37a1 : 17;
37a2 : f4;
37a3 : d7;
37a4 : 39;
37a5 : 4f;
37a6 : 27;
37a7 : 6f;
37a8 : e7;
37a9 : 93;
37aa : 30;
37ab : 7b;
37ac : 3f;
37ad : 80;
37ae : 9f;
37af : 34;
37b0 : 05;
37b1 : 9d;
37b2 : d6;
37b3 : ab;
37b4 : bf;
37b5 : 80;
37b6 : c8;
37b7 : 5e;
37b8 : e2;
37b9 : 7c;
37ba : 92;
37bb : f4;
37bc : 6c;
37bd : 03;
37be : 17;
37bf : e2;
37c0 : b5;
37c1 : 3d;
37c2 : bd;
37c3 : 3f;
37c4 : 44;
37c5 : 84;
37c6 : 3f;
37c7 : 30;
37c8 : bb;
37c9 : c4;
37ca : ac;
37cb : df;
37cc : 63;
37cd : 78;
37ce : 2b;
37cf : 7c;
37d0 : 65;
37d1 : a1;
37d2 : 15;
37d3 : 33;
37d4 : da;
37d5 : 19;
37d6 : ec;
37d7 : 02;
37d8 : bb;
37d9 : 58;
37da : 8a;
37db : 1a;
37dc : 45;
37dd : 64;
37de : 86;
37df : cc;
37e0 : 2e;
37e1 : 6f;
37e2 : 47;
37e3 : 2e;
37e4 : 9d;
37e5 : 04;
37e6 : fa;
37e7 : 67;
37e8 : 25;
37e9 : 79;
37ea : 18;
37eb : 2c;
37ec : 88;
37ed : 5b;
37ee : ea;
37ef : 27;
37f0 : 43;
37f1 : 11;
37f2 : 5d;
37f3 : 62;
37f4 : 07;
37f5 : c3;
37f6 : e8;
37f7 : bd;
37f8 : 80;
37f9 : da;
37fa : c2;
37fb : 60;
37fc : 27;
37fd : 55;
37fe : 64;
37ff : 48;
3800 : 22;
3801 : 44;
3802 : 98;
3803 : 66;
3804 : 1e;
3805 : 50;
3806 : df;
3807 : 60;
3808 : 73;
3809 : 9c;
380a : 8b;
380b : 15;
380c : 52;
380d : 53;
380e : 83;
380f : a0;
3810 : 63;
3811 : 22;
3812 : 6d;
3813 : 8f;
3814 : 46;
3815 : 1e;
3816 : f6;
3817 : e1;
3818 : 04;
3819 : 37;
381a : f1;
381b : 96;
381c : 27;
381d : 20;
381e : 6c;
381f : ac;
3820 : 28;
3821 : 62;
3822 : 77;
3823 : 65;
3824 : 4e;
3825 : 9b;
3826 : ee;
3827 : d5;
3828 : a4;
3829 : 0c;
382a : c4;
382b : b3;
382c : 13;
382d : f4;
382e : 9f;
382f : ec;
3830 : bf;
3831 : 12;
3832 : 41;
3833 : a9;
3834 : fa;
3835 : 00;
3836 : 5d;
3837 : ec;
3838 : 47;
3839 : c0;
383a : d4;
383b : f2;
383c : 85;
383d : 97;
383e : 16;
383f : 8a;
3840 : 24;
3841 : 43;
3842 : 26;
3843 : bf;
3844 : e0;
3845 : 8b;
3846 : c6;
3847 : 4d;
3848 : 36;
3849 : b6;
384a : 3a;
384b : 78;
384c : 18;
384d : 22;
384e : 6c;
384f : ec;
3850 : 49;
3851 : 3e;
3852 : e0;
3853 : da;
3854 : 02;
3855 : be;
3856 : 1d;
3857 : 99;
3858 : ef;
3859 : db;
385a : 68;
385b : fe;
385c : a4;
385d : 0a;
385e : f9;
385f : 3a;
3860 : bb;
3861 : 38;
3862 : 35;
3863 : 60;
3864 : e6;
3865 : 8a;
3866 : 63;
3867 : f2;
3868 : cb;
3869 : 19;
386a : 12;
386b : 51;
386c : 3e;
386d : 71;
386e : 34;
386f : 35;
3870 : 9e;
3871 : f4;
3872 : c1;
3873 : 7d;
3874 : 7d;
3875 : 07;
3876 : 30;
3877 : 6f;
3878 : 4a;
3879 : 63;
387a : bc;
387b : 5c;
387c : 99;
387d : 6c;
387e : d4;
387f : b0;
3880 : 51;
3881 : a5;
3882 : e9;
3883 : b0;
3884 : 73;
3885 : df;
3886 : 69;
3887 : 84;
3888 : 65;
3889 : 34;
388a : 92;
388b : 96;
388c : 08;
388d : 06;
388e : 77;
388f : 24;
3890 : a4;
3891 : 7b;
3892 : c4;
3893 : 65;
3894 : ee;
3895 : 6c;
3896 : 92;
3897 : 7c;
3898 : d2;
3899 : f2;
389a : 50;
389b : 08;
389c : b4;
389d : c3;
389e : 5b;
389f : f5;
38a0 : b2;
38a1 : 30;
38a2 : 80;
38a3 : 22;
38a4 : 7c;
38a5 : 1a;
38a6 : 96;
38a7 : 9a;
38a8 : 94;
38a9 : be;
38aa : 66;
38ab : 1f;
38ac : 3e;
38ad : 5b;
38ae : f1;
38af : 32;
38b0 : 3e;
38b1 : 50;
38b2 : 2c;
38b3 : b0;
38b4 : 2d;
38b5 : 0c;
38b6 : 40;
38b7 : 8f;
38b8 : ce;
38b9 : 6a;
38ba : 29;
38bb : fb;
38bc : 3b;
38bd : e8;
38be : f5;
38bf : ab;
38c0 : 46;
38c1 : df;
38c2 : 5c;
38c3 : 4b;
38c4 : 56;
38c5 : 18;
38c6 : 27;
38c7 : 40;
38c8 : 1a;
38c9 : e0;
38ca : 9e;
38cb : f7;
38cc : 02;
38cd : 8f;
38ce : 82;
38cf : 5a;
38d0 : 84;
38d1 : 23;
38d2 : 4f;
38d3 : f8;
38d4 : 5d;
38d5 : 9a;
38d6 : 3d;
38d7 : a4;
38d8 : 4a;
38d9 : 2b;
38da : 01;
38db : 23;
38dc : 09;
38dd : 91;
38de : 9c;
38df : e3;
38e0 : 2a;
38e1 : 6f;
38e2 : eb;
38e3 : 00;
38e4 : 91;
38e5 : b0;
38e6 : 71;
38e7 : 2a;
38e8 : 44;
38e9 : 05;
38ea : 19;
38eb : 5d;
38ec : 7c;
38ed : e5;
38ee : 31;
38ef : 74;
38f0 : f6;
38f1 : d4;
38f2 : 7c;
38f3 : bd;
38f4 : 0c;
38f5 : 4d;
38f6 : 2a;
38f7 : d9;
38f8 : 14;
38f9 : 96;
38fa : 30;
38fb : 7d;
38fc : c3;
38fd : 8e;
38fe : d1;
38ff : 25;
3900 : f3;
3901 : 32;
3902 : f4;
3903 : 7b;
3904 : 73;
3905 : 20;
3906 : e8;
3907 : 05;
3908 : 20;
3909 : 11;
390a : 6c;
390b : 6b;
390c : 08;
390d : 94;
390e : f8;
390f : a2;
3910 : 03;
3911 : 99;
3912 : 18;
3913 : c9;
3914 : 14;
3915 : 31;
3916 : 6b;
3917 : b5;
3918 : 1a;
3919 : e3;
391a : c2;
391b : 43;
391c : f5;
391d : c7;
391e : 54;
391f : 96;
3920 : f0;
3921 : f9;
3922 : eb;
3923 : 94;
3924 : 3b;
3925 : 9d;
3926 : 0f;
3927 : 08;
3928 : 34;
3929 : cd;
392a : b7;
392b : e6;
392c : b0;
392d : 87;
392e : cf;
392f : e0;
3930 : 23;
3931 : 22;
3932 : ae;
3933 : 1f;
3934 : 9d;
3935 : 1e;
3936 : d0;
3937 : 83;
3938 : 74;
3939 : 8c;
393a : f6;
393b : 4f;
393c : 03;
393d : c5;
393e : 8a;
393f : 68;
3940 : 35;
3941 : ed;
3942 : b8;
3943 : 87;
3944 : 18;
3945 : 21;
3946 : 04;
3947 : 23;
3948 : 3b;
3949 : 9d;
394a : 0d;
394b : 8e;
394c : fa;
394d : 26;
394e : 1e;
394f : 91;
3950 : 16;
3951 : 10;
3952 : 83;
3953 : c2;
3954 : 41;
3955 : dd;
3956 : b2;
3957 : 07;
3958 : 28;
3959 : a6;
395a : 17;
395b : f7;
395c : 83;
395d : a0;
395e : 51;
395f : 69;
3960 : 3f;
3961 : a7;
3962 : 50;
3963 : 29;
3964 : 2d;
3965 : 79;
3966 : ea;
3967 : 83;
3968 : 7f;
3969 : 5b;
396a : 3b;
396b : 5c;
396c : 5d;
396d : 52;
396e : e0;
396f : 5b;
3970 : a2;
3971 : 9d;
3972 : b3;
3973 : aa;
3974 : 52;
3975 : 70;
3976 : 59;
3977 : 66;
3978 : 9a;
3979 : a2;
397a : 09;
397b : d2;
397c : c0;
397d : 36;
397e : 04;
397f : 5f;
3980 : 9f;
3981 : 37;
3982 : 0a;
3983 : 91;
3984 : 55;
3985 : 8a;
3986 : c4;
3987 : 49;
3988 : a2;
3989 : ca;
398a : 79;
398b : 4f;
398c : ec;
398d : d6;
398e : 0a;
398f : ee;
3990 : ec;
3991 : 32;
3992 : de;
3993 : 7b;
3994 : 43;
3995 : e5;
3996 : bc;
3997 : de;
3998 : d7;
3999 : bd;
399a : 3b;
399b : d4;
399c : 6d;
399d : e1;
399e : 0d;
399f : cc;
39a0 : 9d;
39a1 : 88;
39a2 : 7c;
39a3 : 27;
39a4 : 0f;
39a5 : 6f;
39a6 : 0b;
39a7 : b1;
39a8 : a3;
39a9 : ae;
39aa : 18;
39ab : 52;
39ac : bb;
39ad : 0e;
39ae : 3f;
39af : ad;
39b0 : 1d;
39b1 : ab;
39b2 : a4;
39b3 : 48;
39b4 : ee;
39b5 : 1f;
39b6 : 2c;
39b7 : e8;
39b8 : 9a;
39b9 : de;
39ba : 7a;
39bb : f6;
39bc : 85;
39bd : a5;
39be : ad;
39bf : ed;
39c0 : 70;
39c1 : 64;
39c2 : ba;
39c3 : 44;
39c4 : 99;
39c5 : 88;
39c6 : 97;
39c7 : 27;
39c8 : 92;
39c9 : d9;
39ca : 37;
39cb : 17;
39cc : 5c;
39cd : cb;
39ce : d7;
39cf : 11;
39d0 : 38;
39d1 : 12;
39d2 : 29;
39d3 : 46;
39d4 : 85;
39d5 : d9;
39d6 : a4;
39d7 : b2;
39d8 : 25;
39d9 : 0d;
39da : 74;
39db : 46;
39dc : d1;
39dd : aa;
39de : 61;
39df : 2a;
39e0 : b0;
39e1 : 0a;
39e2 : 58;
39e3 : 81;
39e4 : da;
39e5 : 9c;
39e6 : 40;
39e7 : b5;
39e8 : f4;
39e9 : 19;
39ea : cb;
39eb : 14;
39ec : bf;
39ed : ea;
39ee : 88;
39ef : 25;
39f0 : 08;
39f1 : 5e;
39f2 : 97;
39f3 : e1;
39f4 : d4;
39f5 : 48;
39f6 : 60;
39f7 : a9;
39f8 : d6;
39f9 : ce;
39fa : 45;
39fb : 94;
39fc : 1d;
39fd : 67;
39fe : d3;
39ff : 2f;
3a00 : e6;
3a01 : a1;
3a02 : da;
3a03 : 69;
3a04 : f7;
3a05 : 3d;
3a06 : 30;
3a07 : 53;
3a08 : a6;
3a09 : 02;
3a0a : fc;
3a0b : 5c;
3a0c : 8d;
3a0d : a0;
3a0e : c9;
3a0f : 81;
3a10 : 7c;
3a11 : d4;
3a12 : 30;
3a13 : a9;
3a14 : 88;
3a15 : e9;
3a16 : 2b;
3a17 : 5a;
3a18 : 38;
3a19 : 55;
3a1a : b5;
3a1b : 39;
3a1c : a8;
3a1d : 6e;
3a1e : c5;
3a1f : a0;
3a20 : 73;
3a21 : 77;
3a22 : 9f;
3a23 : bf;
3a24 : 1b;
3a25 : 34;
3a26 : 23;
3a27 : 79;
3a28 : eb;
3a29 : 7a;
3a2a : fb;
3a2b : a9;
3a2c : ea;
3a2d : 91;
3a2e : b5;
3a2f : e1;
3a30 : 42;
3a31 : 59;
3a32 : 54;
3a33 : 92;
3a34 : ad;
3a35 : de;
3a36 : b9;
3a37 : 51;
3a38 : 34;
3a39 : 1d;
3a3a : 44;
3a3b : 5e;
3a3c : 09;
3a3d : 7e;
3a3e : 28;
3a3f : d9;
3a40 : dc;
3a41 : 65;
3a42 : ff;
3a43 : 52;
3a44 : 0d;
3a45 : 88;
3a46 : b7;
3a47 : 76;
3a48 : db;
3a49 : 65;
3a4a : 52;
3a4b : 16;
3a4c : 29;
3a4d : fe;
3a4e : ff;
3a4f : c6;
3a50 : f7;
3a51 : 9e;
3a52 : 75;
3a53 : b9;
3a54 : 79;
3a55 : 05;
3a56 : 10;
3a57 : 0a;
3a58 : a4;
3a59 : eb;
3a5a : 58;
3a5b : 8a;
3a5c : d0;
3a5d : fe;
3a5e : c3;
3a5f : ea;
3a60 : 41;
3a61 : b9;
3a62 : ac;
3a63 : 92;
3a64 : 58;
3a65 : c0;
3a66 : 21;
3a67 : c1;
3a68 : e4;
3a69 : 80;
3a6a : 33;
3a6b : d9;
3a6c : ba;
3a6d : f5;
3a6e : 60;
3a6f : f7;
3a70 : d2;
3a71 : 1f;
3a72 : 00;
3a73 : 78;
3a74 : 6d;
3a75 : ff;
3a76 : 11;
3a77 : a6;
3a78 : c9;
3a79 : df;
3a7a : 8b;
3a7b : 8c;
3a7c : e8;
3a7d : 91;
3a7e : d0;
3a7f : 6a;
3a80 : 13;
3a81 : 93;
3a82 : c2;
3a83 : 64;
3a84 : cc;
3a85 : e4;
3a86 : 93;
3a87 : a4;
3a88 : 9f;
3a89 : 8d;
3a8a : 15;
3a8b : f7;
3a8c : a6;
3a8d : ee;
3a8e : 0f;
3a8f : 22;
3a90 : 31;
3a91 : af;
3a92 : 9a;
3a93 : 20;
3a94 : d6;
3a95 : c3;
3a96 : b5;
3a97 : a8;
3a98 : 4b;
3a99 : e2;
3a9a : ac;
3a9b : f2;
3a9c : 62;
3a9d : d0;
3a9e : aa;
3a9f : 9b;
3aa0 : aa;
3aa1 : 6b;
3aa2 : 5d;
3aa3 : a2;
3aa4 : 68;
3aa5 : 1d;
3aa6 : 1c;
3aa7 : 79;
3aa8 : 33;
3aa9 : cc;
3aaa : 3e;
3aab : e4;
3aac : 98;
3aad : 03;
3aae : 05;
3aaf : 0f;
3ab0 : a1;
3ab1 : 5a;
3ab2 : a1;
3ab3 : f3;
3ab4 : 44;
3ab5 : b5;
3ab6 : 49;
3ab7 : db;
3ab8 : aa;
3ab9 : f4;
3aba : 9a;
3abb : c6;
3abc : e5;
3abd : 72;
3abe : da;
3abf : a7;
3ac0 : 7e;
3ac1 : 5e;
3ac2 : b7;
3ac3 : 1a;
3ac4 : 93;
3ac5 : f9;
3ac6 : 8e;
3ac7 : b1;
3ac8 : 73;
3ac9 : 87;
3aca : 88;
3acb : 4e;
3acc : d8;
3acd : 57;
3ace : ef;
3acf : be;
3ad0 : d4;
3ad1 : c6;
3ad2 : 25;
3ad3 : 6d;
3ad4 : 6a;
3ad5 : 64;
3ad6 : 9a;
3ad7 : de;
3ad8 : 25;
3ad9 : 4e;
3ada : 61;
3adb : c6;
3adc : 72;
3add : af;
3ade : 1e;
3adf : 22;
3ae0 : c3;
3ae1 : 25;
3ae2 : b1;
3ae3 : f0;
3ae4 : 3f;
3ae5 : dd;
3ae6 : 45;
3ae7 : 48;
3ae8 : b1;
3ae9 : 14;
3aea : 3d;
3aeb : 9d;
3aec : e0;
3aed : 79;
3aee : bc;
3aef : 73;
3af0 : 55;
3af1 : e1;
3af2 : 7d;
3af3 : c3;
3af4 : d1;
3af5 : d7;
3af6 : 6b;
3af7 : 1c;
3af8 : c3;
3af9 : f2;
3afa : 60;
3afb : 53;
3afc : f1;
3afd : c3;
3afe : f0;
3aff : a5;
3b00 : 1f;
3b01 : 39;
3b02 : 01;
3b03 : 2c;
3b04 : d8;
3b05 : 90;
3b06 : 93;
3b07 : c2;
3b08 : 08;
3b09 : 50;
3b0a : b9;
3b0b : e4;
3b0c : ff;
3b0d : 57;
3b0e : 93;
3b0f : 82;
3b10 : e5;
3b11 : 9a;
3b12 : 55;
3b13 : dc;
3b14 : 77;
3b15 : 63;
3b16 : 00;
3b17 : 1c;
3b18 : 85;
3b19 : a6;
3b1a : dc;
3b1b : cf;
3b1c : dc;
3b1d : de;
3b1e : fd;
3b1f : 73;
3b20 : 9e;
3b21 : cf;
3b22 : 17;
3b23 : 9d;
3b24 : e8;
3b25 : e5;
3b26 : d7;
3b27 : c0;
3b28 : 92;
3b29 : 7d;
3b2a : aa;
3b2b : 49;
3b2c : e2;
3b2d : 07;
3b2e : 16;
3b2f : 7b;
3b30 : bd;
3b31 : 43;
3b32 : ea;
3b33 : 33;
3b34 : 6a;
3b35 : 68;
3b36 : a2;
3b37 : 10;
3b38 : c5;
3b39 : 1d;
3b3a : e5;
3b3b : 8a;
3b3c : 5f;
3b3d : d2;
3b3e : ae;
3b3f : dd;
3b40 : 01;
3b41 : 1c;
3b42 : a0;
3b43 : 96;
3b44 : d4;
3b45 : 5b;
3b46 : f7;
3b47 : f8;
3b48 : e3;
3b49 : df;
3b4a : 31;
3b4b : 36;
3b4c : 6e;
3b4d : 78;
3b4e : 2a;
3b4f : f5;
3b50 : 8b;
3b51 : 36;
3b52 : f4;
3b53 : 71;
3b54 : 08;
3b55 : 9b;
3b56 : 53;
3b57 : 27;
3b58 : 92;
3b59 : 19;
3b5a : cd;
3b5b : b9;
3b5c : 42;
3b5d : 62;
3b5e : 26;
3b5f : 3f;
3b60 : b3;
3b61 : ae;
3b62 : f1;
3b63 : 6e;
3b64 : dd;
3b65 : 5a;
3b66 : ca;
3b67 : 92;
3b68 : c9;
3b69 : c8;
3b6a : 74;
3b6b : 0d;
3b6c : 16;
3b6d : 87;
3b6e : a0;
3b6f : d0;
3b70 : d2;
3b71 : 5f;
3b72 : 8c;
3b73 : 49;
3b74 : eb;
3b75 : ea;
3b76 : 9a;
3b77 : 43;
3b78 : ba;
3b79 : 41;
3b7a : 7c;
3b7b : 2c;
3b7c : 4b;
3b7d : ef;
3b7e : 16;
3b7f : 0d;
3b80 : fc;
3b81 : 57;
3b82 : a7;
3b83 : 1a;
3b84 : 72;
3b85 : 8f;
3b86 : 72;
3b87 : 57;
3b88 : 1d;
3b89 : 6f;
3b8a : 32;
3b8b : 29;
3b8c : c6;
3b8d : 26;
3b8e : ef;
3b8f : 7d;
3b90 : 27;
3b91 : 01;
3b92 : 9b;
3b93 : f5;
3b94 : f7;
3b95 : 2f;
3b96 : 25;
3b97 : 8a;
3b98 : e0;
3b99 : f0;
3b9a : 55;
3b9b : a5;
3b9c : 2d;
3b9d : de;
3b9e : 20;
3b9f : 78;
3ba0 : bf;
3ba1 : b6;
3ba2 : 2e;
3ba3 : 07;
3ba4 : 03;
3ba5 : 94;
3ba6 : 9f;
3ba7 : 4f;
3ba8 : 00;
3ba9 : e7;
3baa : db;
3bab : e4;
3bac : 3e;
3bad : a7;
3bae : da;
3baf : df;
3bb0 : 27;
3bb1 : 1a;
3bb2 : 12;
3bb3 : 6e;
3bb4 : 72;
3bb5 : ae;
3bb6 : 4f;
3bb7 : 30;
3bb8 : 02;
3bb9 : 21;
3bba : 56;
3bbb : 35;
3bbc : f6;
3bbd : fb;
3bbe : 5d;
3bbf : 87;
3bc0 : f0;
3bc1 : a5;
3bc2 : 16;
3bc3 : 72;
3bc4 : b7;
3bc5 : 4d;
3bc6 : 9c;
3bc7 : 70;
3bc8 : ea;
3bc9 : 18;
3bca : 1b;
3bcb : 91;
3bcc : fc;
3bcd : 6b;
3bce : b9;
3bcf : 2e;
3bd0 : a4;
3bd1 : a8;
3bd2 : 57;
3bd3 : c8;
3bd4 : 70;
3bd5 : 61;
3bd6 : da;
3bd7 : e9;
3bd8 : cf;
3bd9 : 04;
3bda : 99;
3bdb : d2;
3bdc : b7;
3bdd : 14;
3bde : 90;
3bdf : 85;
3be0 : ea;
3be1 : a7;
3be2 : 8d;
3be3 : 30;
3be4 : db;
3be5 : df;
3be6 : a7;
3be7 : d6;
3be8 : a3;
3be9 : e1;
3bea : bc;
3beb : 2e;
3bec : 18;
3bed : 9d;
3bee : e6;
3bef : 60;
3bf0 : c6;
3bf1 : 7f;
3bf2 : a1;
3bf3 : 59;
3bf4 : 00;
3bf5 : 69;
3bf6 : 64;
3bf7 : ef;
3bf8 : 27;
3bf9 : 40;
3bfa : fd;
3bfb : 97;
3bfc : c1;
3bfd : 3d;
3bfe : 8c;
3bff : 0c;
3c00 : 01;
3c01 : e5;
3c02 : b9;
3c03 : 95;
3c04 : 35;
3c05 : a2;
3c06 : 2e;
3c07 : 98;
3c08 : 23;
3c09 : cd;
3c0a : ec;
3c0b : ad;
3c0c : 19;
3c0d : 8a;
3c0e : ad;
3c0f : e5;
3c10 : 97;
3c11 : 26;
3c12 : 57;
3c13 : 34;
3c14 : 20;
3c15 : 70;
3c16 : b0;
3c17 : 7e;
3c18 : 49;
3c19 : 0c;
3c1a : f4;
3c1b : 9e;
3c1c : 9d;
3c1d : 4c;
3c1e : bf;
3c1f : 39;
3c20 : 6f;
3c21 : c3;
3c22 : ca;
3c23 : 48;
3c24 : 02;
3c25 : eb;
3c26 : ab;
3c27 : 02;
3c28 : 59;
3c29 : 4a;
3c2a : 71;
3c2b : 25;
3c2c : 1e;
3c2d : d8;
3c2e : 0e;
3c2f : d7;
3c30 : 9b;
3c31 : 22;
3c32 : 1d;
3c33 : 98;
3c34 : 35;
3c35 : 9d;
3c36 : 18;
3c37 : f3;
3c38 : 0b;
3c39 : 68;
3c3a : 76;
3c3b : d1;
3c3c : bb;
3c3d : d5;
3c3e : 16;
3c3f : 9c;
3c40 : 10;
3c41 : c3;
3c42 : 22;
3c43 : 84;
3c44 : b5;
3c45 : 97;
3c46 : a1;
3c47 : aa;
3c48 : 7b;
3c49 : 21;
3c4a : d8;
3c4b : 38;
3c4c : 7e;
3c4d : fd;
3c4e : 55;
3c4f : 48;
3c50 : 20;
3c51 : 68;
3c52 : db;
3c53 : 3b;
3c54 : ff;
3c55 : f4;
3c56 : ec;
3c57 : cb;
3c58 : a4;
3c59 : 53;
3c5a : 7d;
3c5b : ae;
3c5c : 84;
3c5d : c8;
3c5e : 6b;
3c5f : 8e;
3c60 : 34;
3c61 : 37;
3c62 : e1;
3c63 : a4;
3c64 : 24;
3c65 : 1f;
3c66 : 7b;
3c67 : d9;
3c68 : 4a;
3c69 : 11;
3c6a : 8e;
3c6b : 00;
3c6c : 2a;
3c6d : 85;
3c6e : eb;
3c6f : 1f;
3c70 : 44;
3c71 : 56;
3c72 : 0e;
3c73 : a3;
3c74 : 19;
3c75 : 06;
3c76 : 6a;
3c77 : cd;
3c78 : 89;
3c79 : 9b;
3c7a : 0b;
3c7b : 48;
3c7c : 15;
3c7d : a0;
3c7e : 55;
3c7f : 5d;
3c80 : b8;
3c81 : c4;
3c82 : 37;
3c83 : 77;
3c84 : 02;
3c85 : 67;
3c86 : 26;
3c87 : c5;
3c88 : 7e;
3c89 : 75;
3c8a : f5;
3c8b : 84;
3c8c : 2a;
3c8d : 3d;
3c8e : f5;
3c8f : 1b;
3c90 : dc;
3c91 : 72;
3c92 : 96;
3c93 : d4;
3c94 : 82;
3c95 : 58;
3c96 : 56;
3c97 : e5;
3c98 : 51;
3c99 : 19;
3c9a : 72;
3c9b : 4d;
3c9c : 33;
3c9d : 8e;
3c9e : ff;
3c9f : f8;
3ca0 : 47;
3ca1 : 9e;
3ca2 : c6;
3ca3 : 1e;
3ca4 : f1;
3ca5 : d3;
3ca6 : 44;
3ca7 : e2;
3ca8 : ab;
3ca9 : 7a;
3caa : b0;
3cab : 21;
3cac : 41;
3cad : 34;
3cae : 87;
3caf : 2c;
3cb0 : b5;
3cb1 : 5b;
3cb2 : 91;
3cb3 : 4d;
3cb4 : c8;
3cb5 : a9;
3cb6 : 5d;
3cb7 : 92;
3cb8 : 23;
3cb9 : d5;
3cba : e7;
3cbb : 95;
3cbc : 23;
3cbd : 8f;
3cbe : fe;
3cbf : 16;
3cc0 : c4;
3cc1 : 2d;
3cc2 : 1a;
3cc3 : 3d;
3cc4 : db;
3cc5 : 68;
3cc6 : 19;
3cc7 : cd;
3cc8 : ac;
3cc9 : c3;
3cca : 7f;
3ccb : 0f;
3ccc : 3c;
3ccd : b8;
3cce : 7d;
3ccf : 88;
3cd0 : a0;
3cd1 : d3;
3cd2 : 35;
3cd3 : df;
3cd4 : d2;
3cd5 : 48;
3cd6 : e3;
3cd7 : 07;
3cd8 : 98;
3cd9 : 77;
3cda : 50;
3cdb : 49;
3cdc : 8b;
3cdd : 59;
3cde : 27;
3cdf : c9;
3ce0 : 82;
3ce1 : 69;
3ce2 : 7a;
3ce3 : d5;
3ce4 : 7e;
3ce5 : 30;
3ce6 : 91;
3ce7 : 84;
3ce8 : f5;
3ce9 : 47;
3cea : 46;
3ceb : 09;
3cec : cb;
3ced : 56;
3cee : 9e;
3cef : 97;
3cf0 : 3a;
3cf1 : ed;
3cf2 : 18;
3cf3 : 92;
3cf4 : 49;
3cf5 : f2;
3cf6 : 2c;
3cf7 : f4;
3cf8 : bf;
3cf9 : 17;
3cfa : b2;
3cfb : 50;
3cfc : 8e;
3cfd : cb;
3cfe : d5;
3cff : 47;
3d00 : 7b;
3d01 : 90;
3d02 : 3d;
3d03 : 32;
3d04 : 57;
3d05 : 89;
3d06 : 55;
3d07 : 33;
3d08 : 95;
3d09 : 34;
3d0a : d4;
3d0b : 62;
3d0c : 91;
3d0d : 96;
3d0e : ca;
3d0f : c1;
3d10 : 0f;
3d11 : 15;
3d12 : ba;
3d13 : 83;
3d14 : d0;
3d15 : d4;
3d16 : 50;
3d17 : a0;
3d18 : 92;
3d19 : 25;
3d1a : ac;
3d1b : 36;
3d1c : 9e;
3d1d : 69;
3d1e : be;
3d1f : 7b;
3d20 : 8c;
3d21 : ee;
3d22 : 1f;
3d23 : 99;
3d24 : 4b;
3d25 : 81;
3d26 : 24;
3d27 : 01;
3d28 : 25;
3d29 : d2;
3d2a : 80;
3d2b : b1;
3d2c : b0;
3d2d : 7e;
3d2e : bc;
3d2f : 32;
3d30 : 5d;
3d31 : 41;
3d32 : bf;
3d33 : 69;
3d34 : 9d;
3d35 : e7;
3d36 : ca;
3d37 : 43;
3d38 : 1b;
3d39 : f3;
3d3a : ef;
3d3b : e7;
3d3c : 7e;
3d3d : 2f;
3d3e : 69;
3d3f : 66;
3d40 : 2b;
3d41 : bf;
3d42 : 6b;
3d43 : e7;
3d44 : 0a;
3d45 : 30;
3d46 : 0e;
3d47 : 87;
3d48 : 66;
3d49 : 08;
3d4a : 9c;
3d4b : e1;
3d4c : 00;
3d4d : a1;
3d4e : 2b;
3d4f : e1;
3d50 : d0;
3d51 : 88;
3d52 : 0d;
3d53 : 6a;
3d54 : 3e;
3d55 : da;
3d56 : af;
3d57 : b2;
3d58 : 9a;
3d59 : 25;
3d5a : b3;
3d5b : 9e;
3d5c : ff;
3d5d : 74;
3d5e : 28;
3d5f : 65;
3d60 : 2d;
3d61 : de;
3d62 : 73;
3d63 : b9;
3d64 : e4;
3d65 : 5f;
3d66 : 9a;
3d67 : d3;
3d68 : a1;
3d69 : dc;
3d6a : b1;
3d6b : 4c;
3d6c : 03;
3d6d : c5;
3d6e : be;
3d6f : 72;
3d70 : 6e;
3d71 : da;
3d72 : 5e;
3d73 : 7a;
3d74 : 5e;
3d75 : 05;
3d76 : 4c;
3d77 : 12;
3d78 : df;
3d79 : 3f;
3d7a : 86;
3d7b : 9d;
3d7c : 7d;
3d7d : f9;
3d7e : 49;
3d7f : 10;
3d80 : 6b;
3d81 : aa;
3d82 : 7b;
3d83 : 24;
3d84 : d0;
3d85 : 10;
3d86 : 4e;
3d87 : fa;
3d88 : a0;
3d89 : 6d;
3d8a : 80;
3d8b : a3;
3d8c : 51;
3d8d : 0a;
3d8e : 3b;
3d8f : 82;
3d90 : c1;
3d91 : 36;
3d92 : b2;
3d93 : 85;
3d94 : f6;
3d95 : e2;
3d96 : a6;
3d97 : f5;
3d98 : c4;
3d99 : e1;
3d9a : ed;
3d9b : 4f;
3d9c : ad;
3d9d : b7;
3d9e : b3;
3d9f : 80;
3da0 : fc;
3da1 : 52;
3da2 : 17;
3da3 : 10;
3da4 : 7e;
3da5 : 63;
3da6 : 45;
3da7 : 8f;
3da8 : 50;
3da9 : 4b;
3daa : 01;
3dab : 99;
3dac : e4;
3dad : 16;
3dae : 0b;
3daf : d9;
3db0 : c1;
3db1 : af;
3db2 : 6e;
3db3 : ac;
3db4 : 0c;
3db5 : 11;
3db6 : 13;
3db7 : 02;
3db8 : ac;
3db9 : 5d;
3dba : 34;
3dbb : 42;
3dbc : ce;
3dbd : 73;
3dbe : ba;
3dbf : 07;
3dc0 : c1;
3dc1 : 03;
3dc2 : ea;
3dc3 : ee;
3dc4 : 5e;
3dc5 : 59;
3dc6 : fc;
3dc7 : 89;
3dc8 : 2e;
3dc9 : 93;
3dca : 03;
3dcb : 72;
3dcc : 96;
3dcd : aa;
3dce : 16;
3dcf : bc;
3dd0 : 26;
3dd1 : 9d;
3dd2 : 79;
3dd3 : 41;
3dd4 : b9;
3dd5 : eb;
3dd6 : 7c;
3dd7 : 35;
3dd8 : 0f;
3dd9 : ea;
3dda : d2;
3ddb : 5a;
3ddc : c4;
3ddd : 2b;
3dde : 18;
3ddf : f4;
3de0 : ce;
3de1 : 3a;
3de2 : 19;
3de3 : ca;
3de4 : 64;
3de5 : 08;
3de6 : e4;
3de7 : 91;
3de8 : 48;
3de9 : d9;
3dea : 2a;
3deb : e8;
3dec : dd;
3ded : 2c;
3dee : a4;
3def : ba;
3df0 : 6b;
3df1 : 89;
3df2 : 01;
3df3 : d4;
3df4 : 03;
3df5 : d5;
3df6 : 33;
3df7 : 1d;
3df8 : b3;
3df9 : 3b;
3dfa : 33;
3dfb : 32;
3dfc : eb;
3dfd : 72;
3dfe : 2b;
3dff : 2f;
3e00 : 0e;
3e01 : 88;
3e02 : 4e;
3e03 : b5;
3e04 : d7;
3e05 : 05;
3e06 : ae;
3e07 : 8c;
3e08 : 15;
3e09 : 97;
3e0a : 5a;
3e0b : b7;
3e0c : 2b;
3e0d : e5;
3e0e : bb;
3e0f : 83;
3e10 : 6f;
3e11 : a9;
3e12 : 61;
3e13 : 51;
3e14 : d3;
3e15 : 46;
3e16 : c2;
3e17 : 68;
3e18 : 47;
3e19 : 59;
3e1a : 99;
3e1b : b3;
3e1c : 38;
3e1d : 80;
3e1e : 50;
3e1f : ef;
3e20 : e7;
3e21 : 37;
3e22 : aa;
3e23 : e0;
3e24 : da;
3e25 : a6;
3e26 : b0;
3e27 : b8;
3e28 : 96;
3e29 : 4e;
3e2a : 1d;
3e2b : bf;
3e2c : 00;
3e2d : 65;
3e2e : 55;
3e2f : 67;
3e30 : 79;
3e31 : 89;
3e32 : b7;
3e33 : e4;
3e34 : 7c;
3e35 : 90;
3e36 : 10;
3e37 : 6f;
3e38 : 1b;
3e39 : b6;
3e3a : 49;
3e3b : 6d;
3e3c : 0e;
3e3d : 36;
3e3e : e2;
3e3f : c4;
3e40 : 5f;
3e41 : 0e;
3e42 : 5d;
3e43 : 69;
3e44 : 6e;
3e45 : ef;
3e46 : 51;
3e47 : 9b;
3e48 : 33;
3e49 : 59;
3e4a : d5;
3e4b : af;
3e4c : 3e;
3e4d : 27;
3e4e : 23;
3e4f : f0;
3e50 : 24;
3e51 : 32;
3e52 : 85;
3e53 : 13;
3e54 : 40;
3e55 : 7d;
3e56 : 9d;
3e57 : 02;
3e58 : db;
3e59 : 72;
3e5a : 1a;
3e5b : e0;
3e5c : 60;
3e5d : 04;
3e5e : 86;
3e5f : 5b;
3e60 : 82;
3e61 : 42;
3e62 : a8;
3e63 : c5;
3e64 : 66;
3e65 : c4;
3e66 : 36;
3e67 : e7;
3e68 : 04;
3e69 : 42;
3e6a : f0;
3e6b : 08;
3e6c : 38;
3e6d : 61;
3e6e : 13;
3e6f : 52;
3e70 : e7;
3e71 : ee;
3e72 : f9;
3e73 : 6e;
3e74 : 1c;
3e75 : d3;
3e76 : 31;
3e77 : fb;
3e78 : 61;
3e79 : 34;
3e7a : f9;
3e7b : ca;
3e7c : 6f;
3e7d : 0c;
3e7e : 1b;
3e7f : 7f;
3e80 : 95;
3e81 : 94;
3e82 : 5c;
3e83 : b0;
3e84 : 20;
3e85 : fe;
3e86 : 96;
3e87 : 0f;
3e88 : ea;
3e89 : ac;
3e8a : b6;
3e8b : 52;
3e8c : d3;
3e8d : de;
3e8e : 5c;
3e8f : 14;
3e90 : 51;
3e91 : 97;
3e92 : af;
3e93 : 54;
3e94 : 87;
3e95 : f0;
3e96 : 8a;
3e97 : cb;
3e98 : 85;
3e99 : 31;
3e9a : 70;
3e9b : 50;
3e9c : a5;
3e9d : d4;
3e9e : b8;
3e9f : 9a;
3ea0 : e4;
3ea1 : a1;
3ea2 : d4;
3ea3 : af;
3ea4 : 1b;
3ea5 : dc;
3ea6 : 28;
3ea7 : 36;
3ea8 : 5e;
3ea9 : e9;
3eaa : e4;
3eab : 67;
3eac : d1;
3ead : e6;
3eae : 1e;
3eaf : e1;
3eb0 : 42;
3eb1 : 8f;
3eb2 : f2;
3eb3 : a9;
3eb4 : 55;
3eb5 : 95;
3eb6 : 72;
3eb7 : c5;
3eb8 : dd;
3eb9 : 03;
3eba : d2;
3ebb : 1f;
3ebc : de;
3ebd : 55;
3ebe : 65;
3ebf : e9;
3ec0 : 42;
3ec1 : 39;
3ec2 : a1;
3ec3 : 89;
3ec4 : 28;
3ec5 : 86;
3ec6 : db;
3ec7 : 44;
3ec8 : 31;
3ec9 : f7;
3eca : 95;
3ecb : f9;
3ecc : 9b;
3ecd : 4e;
3ece : 94;
3ecf : 81;
3ed0 : f6;
3ed1 : 6c;
3ed2 : f8;
3ed3 : fa;
3ed4 : c8;
3ed5 : 0e;
3ed6 : a6;
3ed7 : e2;
3ed8 : 3c;
3ed9 : 4b;
3eda : 92;
3edb : 6c;
3edc : 45;
3edd : fa;
3ede : 5f;
3edf : 66;
3ee0 : 2f;
3ee1 : de;
3ee2 : 7f;
3ee3 : cc;
3ee4 : 59;
3ee5 : 69;
3ee6 : 3d;
3ee7 : 3e;
3ee8 : 10;
3ee9 : ce;
3eea : 3c;
3eeb : 93;
3eec : 48;
3eed : 69;
3eee : fa;
3eef : 5a;
3ef0 : a3;
3ef1 : 3e;
3ef2 : 81;
3ef3 : 58;
3ef4 : 63;
3ef5 : bb;
3ef6 : b4;
3ef7 : 0a;
3ef8 : 17;
3ef9 : b4;
3efa : 5e;
3efb : 87;
3efc : 22;
3efd : c1;
3efe : 9c;
3eff : e2;
3f00 : 2f;
3f01 : 07;
3f02 : 2f;
3f03 : 2e;
3f04 : 36;
3f05 : 43;
3f06 : 39;
3f07 : b7;
3f08 : e0;
3f09 : 34;
3f0a : 0c;
3f0b : c0;
3f0c : d9;
3f0d : 4b;
3f0e : 6b;
3f0f : f3;
3f10 : ac;
3f11 : 49;
3f12 : 98;
3f13 : 70;
3f14 : 80;
3f15 : 0f;
3f16 : f0;
3f17 : ba;
3f18 : b9;
3f19 : b3;
3f1a : 25;
3f1b : e9;
3f1c : 32;
3f1d : 18;
3f1e : 4a;
3f1f : 8d;
3f20 : b3;
3f21 : 65;
3f22 : 6f;
3f23 : ed;
3f24 : f5;
3f25 : 8e;
3f26 : 6f;
3f27 : d1;
3f28 : 1e;
3f29 : 54;
3f2a : 6e;
3f2b : 90;
3f2c : 83;
3f2d : c7;
3f2e : a9;
3f2f : a0;
3f30 : 43;
3f31 : f9;
3f32 : 43;
3f33 : e2;
3f34 : 96;
3f35 : 84;
3f36 : ba;
3f37 : de;
3f38 : 35;
3f39 : c4;
3f3a : f0;
3f3b : 9b;
3f3c : f1;
3f3d : 21;
3f3e : 8b;
3f3f : 6b;
3f40 : 05;
3f41 : 90;
3f42 : fa;
3f43 : ef;
3f44 : 9d;
3f45 : eb;
3f46 : a9;
3f47 : b2;
3f48 : 76;
3f49 : b4;
3f4a : 70;
3f4b : 0c;
3f4c : 6c;
3f4d : da;
3f4e : 23;
3f4f : c2;
3f50 : ef;
3f51 : c8;
3f52 : 95;
3f53 : 62;
3f54 : 82;
3f55 : b8;
3f56 : e3;
3f57 : 05;
3f58 : 57;
3f59 : 76;
3f5a : c3;
3f5b : 0b;
3f5c : 3f;
3f5d : 2d;
3f5e : 25;
3f5f : 4f;
3f60 : f6;
3f61 : c9;
3f62 : c8;
3f63 : bc;
3f64 : db;
3f65 : 11;
3f66 : c2;
3f67 : 74;
3f68 : 0c;
3f69 : 8e;
3f6a : 69;
3f6b : 58;
3f6c : 6d;
3f6d : 34;
3f6e : f0;
3f6f : 0e;
3f70 : 00;
3f71 : 2b;
3f72 : d8;
3f73 : 67;
3f74 : 1f;
3f75 : 9a;
3f76 : 30;
3f77 : f8;
3f78 : bb;
3f79 : 26;
3f7a : 39;
3f7b : e2;
3f7c : fe;
3f7d : bd;
3f7e : 49;
3f7f : 09;
3f80 : b7;
3f81 : d8;
3f82 : ae;
3f83 : 3a;
3f84 : b1;
3f85 : 76;
3f86 : 0e;
3f87 : 3f;
3f88 : 9c;
3f89 : 08;
3f8a : 9b;
3f8b : b7;
3f8c : f8;
3f8d : 63;
3f8e : a1;
3f8f : 94;
3f90 : 25;
3f91 : 05;
3f92 : 35;
3f93 : bc;
3f94 : 28;
3f95 : 18;
3f96 : 48;
3f97 : 38;
3f98 : 84;
3f99 : df;
3f9a : 10;
3f9b : 4b;
3f9c : db;
3f9d : 35;
3f9e : 06;
3f9f : db;
3fa0 : 81;
3fa1 : b5;
3fa2 : 9f;
3fa3 : df;
3fa4 : 9d;
3fa5 : 29;
3fa6 : 94;
3fa7 : a6;
3fa8 : 03;
3fa9 : e4;
3faa : db;
3fab : f2;
3fac : d0;
3fad : e8;
3fae : 18;
3faf : 0c;
3fb0 : 3b;
3fb1 : e8;
3fb2 : 07;
3fb3 : 97;
3fb4 : d1;
3fb5 : 71;
3fb6 : 29;
3fb7 : d8;
3fb8 : 4e;
3fb9 : 0c;
3fba : 1b;
3fbb : 0e;
3fbc : 09;
3fbd : 44;
3fbe : aa;
3fbf : 6b;
3fc0 : 79;
3fc1 : 57;
3fc2 : 72;
3fc3 : 5c;
3fc4 : 70;
3fc5 : 5d;
3fc6 : ed;
3fc7 : cc;
3fc8 : 18;
3fc9 : 00;
3fca : 4a;
3fcb : f4;
3fcc : 95;
3fcd : 0d;
3fce : 0c;
3fcf : 1c;
3fd0 : 52;
3fd1 : 40;
3fd2 : 2b;
3fd3 : d7;
3fd4 : 66;
3fd5 : 8a;
3fd6 : 17;
3fd7 : 8a;
3fd8 : 07;
3fd9 : 96;
3fda : 6e;
3fdb : 62;
3fdc : 0c;
3fdd : 98;
3fde : 86;
3fdf : f8;
3fe0 : c5;
3fe1 : 4a;
3fe2 : 2d;
3fe3 : bb;
3fe4 : 6f;
3fe5 : 5c;
3fe6 : f8;
3fe7 : 47;
3fe8 : 50;
3fe9 : 0c;
3fea : ef;
3feb : fe;
3fec : 0c;
3fed : 0d;
3fee : 6a;
3fef : 14;
3ff0 : 0a;
3ff1 : 9e;
3ff2 : bc;
3ff3 : 33;
3ff4 : 18;
3ff5 : d7;
3ff6 : 41;
3ff7 : 0c;
3ff8 : 19;
3ff9 : 1f;
3ffa : 8a;
3ffb : 53;
3ffc : de;
3ffd : 4e;
3ffe : 54;
3fff : 0a;
END;